GameUID,PitchNo,PitchUID,PlayID,Date,Time,UTCDate,UTCTime,LocalDateTime,UTCDateTime,PitcherTeam,BatterTeam,PitchCall,PlayResult,DetectedShift,1B_PositionAtReleaseX,1B_PositionAtReleaseZ,2B_PositionAtReleaseX,2B_PositionAtReleaseZ,3B_PositionAtReleaseX,3B_PositionAtReleaseZ,SS_PositionAtReleaseX,SS_PositionAtReleaseZ,LF_PositionAtReleaseX,LF_PositionAtReleaseZ,CF_PositionAtReleaseX,CF_PositionAtReleaseZ,RF_PositionAtReleaseX,RF_PositionAtReleaseZ,1B_Name,1B_Id,2B_Name,2B_Id,3B_Name,3B_Id,SS_Name,SS_Id,LF_Name,LF_Id,CF_Name,CF_Id,RF_Name,RF_Id,FHC
5f37b725-4b2e-43d8-8148-9b7a3a83bb4a,1,a2cd5ff0-3b22-11ef-9af2-4fe8e326febf,1d6de090-c27f-4448-8642-e45d6d40db25,2024-07-05,19:02:21.89,2024-07-05,23:02:21.89,2024-07-05T19:02:21.8988506-04:00,2024-07-05T23:02:21.8988506Z,GAS,LEX_LEG,InPlay,HomeRun,NoShift,91.31803,55.77593,153.36246,28.71751,83.00055,-63.0484,139.77136,-48.13666,268.17765,-123.07665,336.18026,-1.31106,278.08032,145.14522,,,,,,,,,,,,,,,true
5f37b725-4b2e-43d8-8148-9b7a3a83bb4a,2,b91ee030-3b22-11ef-9af2-4fe8e326febf,10efe263-5715-4379-8b01-8df40dcbb37d,2024-07-05,19:02:59.34,2024-07-05,23:02:59.34,2024-07-05T19:02:59.3436122-04:00,2024-07-05T23:02:59.3436122Z,GAS,LEX_LEG,BallCalled,Undefined,NoShift,104.75336,73.29439,146.74544,39.58408,95.1213,-49.09425,156.12742,-19.69649,269.96347,-127.00945,331.88844,-0.39658,282.76708,147.16366,,,,,,,,,,,,,,,true
5f37b725-4b2e-43d8-8148-9b7a3a83bb4a,3,bf1d73c0-3b22-11ef-9af2-4fe8e326febf,839934e0-9ab3-4174-a588-fe7c2445d1e2,2024-07-05,19:03:09.35,2024-07-05,23:03:09.35,2024-07-05T19:03:09.3516250-04:00,2024-07-05T23:03:09.3516250Z,GAS,LEX_LEG,InPlay,Out,NoShift,103.36943,74.09879,145.50533,40.97217,98.66104,-50.44284,155.33437,-19.18178,273.27346,-126.3382,328.97048,-0.34559,283.34993,146.70637,,,,,,,,,,,,,,,true
5f37b725-4b2e-43d8-8148-9b7a3a83bb4a,4,d47c56a0-3b22-11ef-9af2-4fe8e326febf,6c1d04a7-d119-4b1a-bd01-97324f227074,2024-07-05,19:03:45.22,2024-07-05,23:03:45.22,2024-07-05T19:03:45.2284890-04:00,2024-07-05T23:03:45.2284890Z,GAS,LEX_LEG,FoulBallNotFieldable,Undefined,NoShift,101.64469,62.27482,154.12453,24.87107,98.3177,-77.94055,142.35925,-47.83238,264.58078,-132.85473,330.52583,3.37618,267.95689,145.5978,,,,,,,,,,,,,,,true
5f37b725-4b2e-43d8-8148-9b7a3a83bb4a,5,dee1c6c0-3b22-11ef-9af2-4fe8e326febf,7d7bbbd5-87d2-4e00-a9f8-a194af02b045,2024-07-05,19:04:02.60,2024-07-05,23:04:02.60,2024-07-05T19:04:02.6068954-04:00,2024-07-05T23:04:02.6068954Z,GAS,LEX_LEG,InPlay,Out,NoShift,100.50179,62.16567,154.45542,25.01185,99.16144,-80.47277,142.17707,-47.40393,261.72713,-131.80476,331.33196,3.68756,259.83461,147.15867,,,,,,,,,,,,,,,true
5f37b725-4b2e-43d8-8148-9b7a3a83bb4a,6,f2778260-3b22-11ef-9af2-4fe8e326febf,ac1cbe66-8964-422d-93ac-b7dae526097e,2024-07-05,19:04:35.59,2024-07-05,23:04:35.59,2024-07-05T19:04:35.5983834-04:00,2024-07-05T23:04:35.5983834Z,GAS,LEX_LEG,FoulBallNotFieldable,Undefined,NoShift,107.12085,71.20928,144.42217,46.35851,102.11616,-52.1886,153.32733,-16.81669,269.45077,-124.92729,341.92787,3.59819,273.43966,140.80542,,,,,,,,,,,,,,,true
5f37b725-4b2e-43d8-8148-9b7a3a83bb4a,7,fbe63670-3b22-11ef-9af2-4fe8e326febf,3a9895c0-1979-4f4b-b167-8b6aa69bd725,2024-07-05,19:04:51.37,2024-07-05,23:04:51.37,2024-07-05T19:04:51.3714650-04:00,2024-07-05T23:04:51.3714650Z,GAS,LEX_LEG,FoulBallNotFieldable,Undefined,NoShift,103.0283,75.05131,147.02299,44.5781,105.72705,-53.14144,154.60305,-16.77558,273.9159,-127.15305,339.62749,4.35981,277.74988,143.33726,,,,,,,,,,,,,,,true
5f37b725-4b2e-43d8-8148-9b7a3a83bb4a,8,07a2ab10-3b23-11ef-9af2-4fe8e326febf,aabd4d2b-8c2c-4e13-8c99-ef6568dc41df,2024-07-05,19:05:10.99,2024-07-05,23:05:10.99,2024-07-05T19:05:10.9947866-04:00,2024-07-05T23:05:10.9947866Z,GAS,LEX_LEG,InPlay,Out,NoShift,103.98397,77.05047,144.98103,44.78882,113.40984,-56.12097,152.96862,-16.17209,267.40963,-127.8446,335.23982,4.88231,280.40641,144.25767,,,,,,,,,,,,,,,true
5f37b725-4b2e-43d8-8148-9b7a3a83bb4a,9,62069f30-3b23-11ef-9af2-4fe8e326febf,098ff4f8-7c32-4d15-9ee7-0f3dbac1f5f2,2024-07-05,19:07:42.62,2024-07-05,23:07:42.62,2024-07-05T19:07:42.6271194-04:00,2024-07-05T23:07:42.6271194Z,LEX_LEG,GAS,FoulBallNotFieldable,Undefined,NoShift,99.67676,55.50092,150.76262,37.75882,85.21175,-63.02951,141.47128,-50.76469,267.27828,-144.27405,317.46242,-28.26364,331.20168,192.59857,,,,,,,,,,,,,,,true
5f37b725-4b2e-43d8-8148-9b7a3a83bb4a,10,6ee302c0-3b23-11ef-9af2-4fe8e326febf,15f0645c-1ded-4796-adb5-81886aa62398,2024-07-05,19:08:04.21,2024-07-05,23:08:04.21,2024-07-05T19:08:04.2116570-04:00,2024-07-05T23:08:04.2116570Z,LEX_LEG,GAS,StrikeCalled,Undefined,NoShift,99.70647,54.86054,149.68569,35.86251,91.234,-71.79738,141.82433,-49.18567,263.17276,-140.64257,332.63117,-18.33861,335.11567,194.63835,,,,,,,,,,,,,,,true
5f37b725-4b2e-43d8-8148-9b7a3a83bb4a,11,78cb53a0-3b23-11ef-9af2-4fe8e326febf,6dbe76ae-98ec-4068-8c12-135a013a5752,2024-07-05,19:08:20.88,2024-07-05,23:08:20.88,2024-07-05T19:08:20.8836058-04:00,2024-07-05T23:08:20.8836058Z,LEX_LEG,GAS,BallCalled,Undefined,NoShift,100.70453,55.76188,150.2508,34.58676,91.41664,-71.15454,143.99582,-50.88401,259.38371,-139.9219,336.84723,-16.40004,334.66477,194.43033,,,,,,,,,,,,,,,true
5f37b725-4b2e-43d8-8148-9b7a3a83bb4a,12,831c9f80-3b23-11ef-9af2-4fe8e326febf,f7f7ab05-c110-4ff0-8bd6-47d965270b17,2024-07-05,19:08:38.14,2024-07-05,23:08:38.14,2024-07-05T19:08:38.1470000-04:00,2024-07-05T23:08:38.1470000Z,LEX_LEG,GAS,StrikeSwinging,Undefined,NoShift,98.59978,56.04655,151.66103,35.71862,91.51929,-71.39792,143.59377,-50.87039,262.12336,-144.3284,343.71034,-14.65161,272.76894,135.0908,,,,,,,,,,,,,,,true
5f37b725-4b2e-43d8-8148-9b7a3a83bb4a,13,927303c0-3b23-11ef-9af2-4fe8e326febf,5d3b3d5a-3164-4975-9ed5-fab0a4823b3f,2024-07-05,19:09:03.89,2024-07-05,23:09:03.89,2024-07-05T19:09:03.8909914-04:00,2024-07-05T23:09:03.8909914Z,LEX_LEG,GAS,BallCalled,Undefined,NoShift,99.07888,55.99306,151.58013,32.08009,90.94393,-69.85777,143.47016,-49.89389,255.21438,-149.4397,337.8607,-9.99549,276.57457,139.1417,,,,,,,,,,,,,,,true
5f37b725-4b2e-43d8-8148-9b7a3a83bb4a,14,9925a510-3b23-11ef-9af2-4fe8e326febf,a58d2d10-f517-4240-90d5-2dc5b53768e1,2024-07-05,19:09:15.15,2024-07-05,23:09:15.15,2024-07-05T19:09:15.1566810-04:00,2024-07-05T23:09:15.1566810Z,LEX_LEG,GAS,BallCalled,Undefined,NoShift,97.90449,56.70556,151.54525,29.4939,91.9514,-69.95802,142.98155,-49.49081,263.41365,-152.36346,339.20858,-12.5564,273.21306,138.58796,,,,,,,,,,,,,,,true
5f37b725-4b2e-43d8-8148-9b7a3a83bb4a,15,a44f2880-3b23-11ef-9af2-4fe8e326febf,fdbf6208-15a3-48bc-b93b-8b8cb29e2ed3,2024-07-05,19:09:33.88,2024-07-05,23:09:33.88,2024-07-05T19:09:33.8888666-04:00,2024-07-05T23:09:33.8888666Z,LEX_LEG,GAS,InPlay,Out,NoShift,97.94097,57.06544,151.4242,29.48914,94.54193,-71.87438,144.25991,-49.93015,260.35619,-150.90711,340.49577,-10.36654,330.48806,192.33498,,,,,,,,,,,,,,,true
5f37b725-4b2e-43d8-8148-9b7a3a83bb4a,16,bc84ab00-3b23-11ef-9af2-4fe8e326febf,73cc245d-c049-45e9-8cdb-778a0fa82a6f,2024-07-05,19:10:14.54,2024-07-05,23:10:14.54,2024-07-05T19:10:14.5456090-04:00,2024-07-05T23:10:14.5456090Z,LEX_LEG,GAS,StrikeCalled,Undefined,NoShift,100.11075,86.87491,133.74511,62.38208,101.28118,-60.93293,157.63176,-15.63602,288.65335,-123.40241,341.51912,8.4707,268.79873,141.10449,,,,,,,,,,,,,,,true
5f37b725-4b2e-43d8-8148-9b7a3a83bb4a,17,c595aeb0-3b23-11ef-9af2-4fe8e326febf,c8aed002-2daf-4e31-8ecd-3e0725b20781,2024-07-05,19:10:29.72,2024-07-05,23:10:29.72,2024-07-05T19:10:29.7281498-04:00,2024-07-05T23:10:29.7281498Z,LEX_LEG,GAS,BallCalled,Undefined,NoShift,100.37805,87.02506,134.02376,62.96153,102.7603,-60.47387,157.50384,-14.59568,282.29028,-125.74825,335.93322,6.75916,268.37328,141.19552,,,,,,,,,,,,,,,true
5f37b725-4b2e-43d8-8148-9b7a3a83bb4a,18,ccb801c0-3b23-11ef-9af2-4fe8e326febf,67813b75-9201-422c-b1f9-030d5a425268,2024-07-05,19:10:41.71,2024-07-05,23:10:41.71,2024-07-05T19:10:41.7138138-04:00,2024-07-05T23:10:41.7138138Z,LEX_LEG,GAS,BallCalled,Undefined,NoShift,100.84144,86.64339,134.46197,63.0924,103.03546,-61.647,158.34771,-11.73221,282.20719,-127.73008,347.89656,-7.46864,270.14891,142.59433,,,,,,,,,,,,,,,true
5f37b725-4b2e-43d8-8148-9b7a3a83bb4a,19,d52bdb10-3b23-11ef-9af2-4fe8e326febf,d85ce938-8001-4a81-ba19-dadb282512c5,2024-07-05,19:10:55.89,2024-07-05,23:10:55.89,2024-07-05T19:10:55.8928858-04:00,2024-07-05T23:10:55.8928858Z,LEX_LEG,GAS,InPlay,Out,NoShift,100.29883,86.50688,134.94334,63.35345,103.37511,-61.6263,158.03521,-11.11689,281.70388,-127.57527,339.90536,-8.29165,273.34503,144.03092,,,,,,,,,,,,,,,true
5f37b725-4b2e-43d8-8148-9b7a3a83bb4a,20,35502140-3b24-11ef-9af2-4fe8e326febf,9557aca4-bfe9-4219-83ed-dbf2bfa4fd8b,2024-07-05,19:13:37.12,2024-07-05,23:13:37.12,2024-07-05T19:13:37.1227098-04:00,2024-07-05T23:13:37.1227098Z,GAS,LEX_LEG,StrikeCalled,Undefined,NoShift,105.23634,62.29912,155.30056,18.34683,95.36397,-72.18825,144.94013,-47.26419,267.48221,-129.25624,338.99209,3.01625,272.82012,142.33408,,,,,,,,,,,,,,,true
5f37b725-4b2e-43d8-8148-9b7a3a83bb4a,21,3cc3efb0-3b24-11ef-9af2-4fe8e326febf,48e475b2-0ba5-4abf-86a2-c22745c82050,2024-07-05,19:13:49.70,2024-07-05,23:13:49.70,2024-07-05T19:13:49.7029594-04:00,2024-07-05T23:13:49.7029594Z,GAS,LEX_LEG,StrikeSwinging,Undefined,NoShift,101.20977,62.42587,153.84163,19.20723,95.39268,-73.19126,143.99458,-46.31639,264.30636,-127.34437,340.14033,3.62465,273.26277,143.52948,,,,,,,,,,,,,,,true
5f37b725-4b2e-43d8-8148-9b7a3a83bb4a,22,452356a0-3b24-11ef-9af2-4fe8e326febf,dfc6db3d-efb3-442d-b0d8-8a012ab4c4d7,2024-07-05,19:14:03.75,2024-07-05,23:14:03.75,2024-07-05T19:14:03.7580000-04:00,2024-07-05T23:14:03.7580000Z,GAS,LEX_LEG,StrikeSwinging,Undefined,NoShift,103.42162,62.5056,154.27454,19.70232,97.16934,-74.80432,144.63662,-46.5021,266.99437,-126.73709,340.48108,4.06734,270.2758,141.80274,,,,,,,,,,,,,,,true
5f37b725-4b2e-43d8-8148-9b7a3a83bb4a,23,57ffad50-3b24-11ef-9af2-4fe8e326febf,ff60d34f-5d89-4828-91fb-3a0f227ca3d6,2024-07-05,19:14:35.38,2024-07-05,23:14:35.38,2024-07-05T19:14:35.3837530-04:00,2024-07-05T23:14:35.3837530Z,GAS,LEX_LEG,BallCalled,Undefined,NoShift,105.02129,77.28661,146.23359,41.94228,92.87119,-53.11589,153.65729,-20.10341,263.0642,-122.31322,336.14408,4.31633,280.35659,143.88759,,,,,,,,,,,,,,,true
5f37b725-4b2e-43d8-8148-9b7a3a83bb4a,24,5ece6220-3b24-11ef-9af2-4fe8e326febf,8e3dea02-2a6b-4f5f-8ead-5a4c07201256,2024-07-05,19:14:46.74,2024-07-05,23:14:46.74,2024-07-05T19:14:46.7494874-04:00,2024-07-05T23:14:46.7494874Z,GAS,LEX_LEG,StrikeSwinging,Undefined,NoShift,106.82081,79.65928,145.08418,42.15542,96.55477,-54.29657,154.32188,-19.83973,272.48564,-125.15097,338.80023,4.05799,279.25451,143.95663,,,,,,,,,,,,,,,true
5f37b725-4b2e-43d8-8148-9b7a3a83bb4a,25,695a9420-3b24-11ef-9af2-4fe8e326febf,696c557b-cc8e-4d55-ae88-98de132d72ea,2024-07-05,19:15:04.56,2024-07-05,23:15:04.56,2024-07-05T19:15:04.5620186-04:00,2024-07-05T23:15:04.5620186Z,GAS,LEX_LEG,FoulBallNotFieldable,Undefined,NoShift,106.06364,78.8304,145.71325,42.3469,100.53638,-57.53991,151.89776,-18.62431,271.87021,-123.48898,337.79626,4.18007,278.31896,143.10982,,,,,,,,,,,,,,,true
5f37b725-4b2e-43d8-8148-9b7a3a83bb4a,26,80609750-3b24-11ef-9af2-4fe8e326febf,306b9641-802d-47cc-a62d-555208799a0c,2024-07-05,19:15:43.06,2024-07-05,23:15:43.06,2024-07-05T19:15:43.0637018-04:00,2024-07-05T23:15:43.0637018Z,GAS,LEX_LEG,BallCalled,Undefined,NoShift,107.25624,79.37155,148.06409,40.92721,106.9407,-54.95329,153.99392,-21.04378,254.80325,-127.10401,338.0926,2.95758,282.70847,142.25107,,,,,,,,,,,,,,,true
5f37b725-4b2e-43d8-8148-9b7a3a83bb4a,27,880d5010-3b24-11ef-9af2-4fe8e326febf,8463fabc-f0c4-4bce-a4d9-12f9a1dda7cf,2024-07-05,19:15:55.92,2024-07-05,23:15:55.92,2024-07-05T19:15:55.9238618-04:00,2024-07-05T23:15:55.9238618Z,GAS,LEX_LEG,BallCalled,Undefined,NoShift,108.32177,80.8539,145.84515,42.12549,108.32901,-58.76875,155.36401,-21.15443,254.97563,-126.81285,337.42194,3.24265,279.31157,142.26396,,,,,,,,,,,,,,,true
5f37b725-4b2e-43d8-8148-9b7a3a83bb4a,28,8f92f8d0-3b24-11ef-9af2-4fe8e326febf,9b785299-b1b8-4462-98ad-b468ad9413f2,2024-07-05,19:16:08.66,2024-07-05,23:16:08.66,2024-07-05T19:16:08.6680000-04:00,2024-07-05T23:16:08.6680000Z,GAS,LEX_LEG,StrikeSwinging,Undefined,NoShift,102.95762,77.63677,146.66945,42.07621,111.05528,-62.77576,155.43375,-18.31592,255.6144,-127.00864,335.24598,2.65104,279.44304,145.0637,,,,,,,,,,,,,,,true
5f37b725-4b2e-43d8-8148-9b7a3a83bb4a,29,a4440f80-3b24-11ef-9af2-4fe8e326febf,517837a7-749f-497d-b202-7c742e34f43c,2024-07-05,19:16:43.30,2024-07-05,23:16:43.30,2024-07-05T19:16:43.3081818-04:00,2024-07-05T23:16:43.3081818Z,GAS,LEX_LEG,BallCalled,Undefined,NoShift,102.61947,58.64758,155.7364,23.94208,86.4582,-65.18368,143.65721,-46.20719,269.84948,-125.11497,330.09614,4.27818,272.58539,144.91231,,,,,,,,,,,,,,,true
5f37b725-4b2e-43d8-8148-9b7a3a83bb4a,30,ab9b5540-3b24-11ef-9af2-4fe8e326febf,a2f550ba-0e86-4798-b7f0-add6d8759630,2024-07-05,19:16:55.61,2024-07-05,23:16:55.61,2024-07-05T19:16:55.6168666-04:00,2024-07-05T23:16:55.6168666Z,GAS,LEX_LEG,BallCalled,Undefined,NoShift,100.16029,58.66611,154.21305,24.28904,92.82097,-71.56194,141.60455,-44.5065,267.17764,-123.83774,329.03635,4.5257,271.85641,146.1673,,,,,,,,,,,,,,,true
5f37b725-4b2e-43d8-8148-9b7a3a83bb4a,31,b46c90d0-3b24-11ef-9af2-4fe8e326febf,180a92e7-20ea-44de-8db4-708ee93debd2,2024-07-05,19:17:10.48,2024-07-05,23:17:10.48,2024-07-05T19:17:10.4800218-04:00,2024-07-05T23:17:10.4800218Z,GAS,LEX_LEG,StrikeSwinging,Undefined,NoShift,104.56835,61.87959,154.58901,24.09259,95.27478,-73.10773,143.1828,-44.6713,269.21414,-123.88837,328.95547,4.86424,267.07602,144.16178,,,,,,,,,,,,,,,true
5f37b725-4b2e-43d8-8148-9b7a3a83bb4a,32,bf5e1450-3b24-11ef-9af2-4fe8e326febf,ca476511-953f-4ce8-831e-9d65dc81870c,2024-07-05,19:17:28.78,2024-07-05,23:17:28.78,2024-07-05T19:17:28.7895514-04:00,2024-07-05T23:17:28.7895514Z,GAS,LEX_LEG,FoulBallNotFieldable,Undefined,NoShift,99.93358,60.35035,153.82092,21.47522,95.34693,-74.518,142.52875,-44.39981,270.45698,-122.36958,333.63109,5.2516,272.18096,147.66502,,,,,,,,,,,,,,,true
5f37b725-4b2e-43d8-8148-9b7a3a83bb4a,33,d18599f0-3b24-11ef-9af2-4fe8e326febf,5d9388e4-3f4e-46a3-8712-937d6245ba8f,2024-07-05,19:17:59.25,2024-07-05,23:17:59.25,2024-07-05T19:17:59.2517082-04:00,2024-07-05T23:17:59.2517082Z,GAS,LEX_LEG,InPlay,Out,NoShift,102.69404,67.25811,153.38966,22.04252,96.83777,-77.26545,143.61321,-45.3279,260.96087,-130.16665,333.65635,6.22352,274.94234,145.70698,,,,,,,,,,,,,,,true
5f37b725-4b2e-43d8-8148-9b7a3a83bb4a,34,2d499340-3b25-11ef-9af2-4fe8e326febf,fa05fdb5-33ab-446b-993c-fb4c2cba7850,2024-07-05,19:20:33.22,2024-07-05,23:20:33.22,2024-07-05T19:20:33.2224474-04:00,2024-07-05T23:20:33.2224474Z,LEX_LEG,GAS,BallCalled,Undefined,NoShift,95.71291,54.48632,151.05493,31.85655,92.03547,-71.18335,142.88325,-49.77985,277.55348,-142.19142,344.67939,-9.0075,269.2402,133.52733,,,,,,,,,,,,,,,true
5f37b725-4b2e-43d8-8148-9b7a3a83bb4a,35,34216fd0-3b25-11ef-9af2-4fe8e326febf,d7d082ca-54a1-425c-a03f-933354a6b33e,2024-07-05,19:20:44.69,2024-07-05,23:20:44.69,2024-07-05T19:20:44.6914522-04:00,2024-07-05T23:20:44.6914522Z,LEX_LEG,GAS,BallCalled,Undefined,NoShift,97.04005,55.03633,150.37396,32.01852,92.29314,-71.14253,142.9723,-50.57919,276.21613,-144.50446,352.11315,-8.02701,271.47057,135.08582,,,,,,,,,,,,,,,true
5f37b725-4b2e-43d8-8148-9b7a3a83bb4a,36,3c234d70-3b25-11ef-9af2-4fe8e326febf,767d8ee1-1be6-4d43-b25a-566edc959b23,2024-07-05,19:20:58.09,2024-07-05,23:20:58.09,2024-07-05T19:20:58.0955098-04:00,2024-07-05T23:20:58.0955098Z,LEX_LEG,GAS,StrikeSwinging,Undefined,NoShift,97.76227,55.89397,151.60269,32.97547,93.69702,-71.26805,143.87957,-50.83915,272.07189,-142.70586,354.87707,-8.39002,269.84374,135.31002,,,,,,,,,,,,,,,true
5f37b725-4b2e-43d8-8148-9b7a3a83bb4a,37,53d261e0-3b25-11ef-9af2-4fe8e326febf,eaf41623-c900-4b8d-aa3d-d968eec7b41b,2024-07-05,19:21:37.86,2024-07-05,23:21:37.86,2024-07-05T19:21:37.8601434-04:00,2024-07-05T23:21:37.8601434Z,LEX_LEG,GAS,StrikeSwinging,Undefined,NoShift,98.97686,56.67962,150.3556,31.46292,93.84632,-73.29673,143.30043,-51.40758,275.52415,-142.99579,352.63715,-6.48647,332.04769,193.30167,,,,,,,,,,,,,,,true
5f37b725-4b2e-43d8-8148-9b7a3a83bb4a,38,5cdd2400-3b25-11ef-9af2-4fe8e326febf,6d3024cd-03d7-494e-9943-defe70cde41a,2024-07-05,19:21:52.93,2024-07-05,23:21:52.93,2024-07-05T19:21:52.9386970-04:00,2024-07-05T23:21:52.9386970Z,LEX_LEG,GAS,InPlay,Out,NoShift,97.5701,56.20952,150.60624,35.30756,94.61152,-74.37994,142.37315,-51.06768,275.46774,-142.40122,346.37211,2.08479,329.77393,191.87898,,,,,,,,,,,,,,,true
5f37b725-4b2e-43d8-8148-9b7a3a83bb4a,39,71e868a0-3b25-11ef-9af2-4fe8e326febf,0958136d-2f44-414d-a998-2df7e20ef9a1,2024-07-05,19:22:28.27,2024-07-05,23:22:28.27,2024-07-05T19:22:28.2796506-04:00,2024-07-05T23:22:28.2796506Z,LEX_LEG,GAS,StrikeCalled,Undefined,NoShift,97.04238,55.67252,150.2926,30.07187,82.27275,-62.02376,144.04368,-48.76289,272.26002,-143.91033,339.54892,5.60516,264.89757,129.53151,,,,,,,,,,,,,,,true
5f37b725-4b2e-43d8-8148-9b7a3a83bb4a,40,792b8a20-3b25-11ef-9af2-4fe8e326febf,9c0143ed-9956-47b3-8795-ee108f46c7e3,2024-07-05,19:22:40.50,2024-07-05,23:22:40.50,2024-07-05T19:22:40.5048282-04:00,2024-07-05T23:22:40.5048282Z,LEX_LEG,GAS,InPlay,Out,NoShift,96.22826,55.7793,151.12445,31.9966,90.81562,-70.69999,143.33141,-49.53461,275.92695,-143.61394,344.53675,4.93419,332.41584,193.25084,,,,,,,,,,,,,,,true
5f37b725-4b2e-43d8-8148-9b7a3a83bb4a,41,8c068140-3b25-11ef-9af2-4fe8e326febf,9c33e91f-ffb5-4263-90ba-14cd585f7d91,2024-07-05,19:23:12.03,2024-07-05,23:23:12.03,2024-07-05T19:23:12.0308698-04:00,2024-07-05T23:23:12.0308698Z,LEX_LEG,GAS,BallCalled,Undefined,NoShift,98.33253,55.6084,151.38452,30.72141,97.4223,-72.71835,144.37625,-49.15994,264.13633,-140.55163,334.59836,-9.60387,278.79187,128.70902,,,,,,,,,,,,,,,true
5f37b725-4b2e-43d8-8148-9b7a3a83bb4a,42,942b2920-3b25-11ef-9af2-4fe8e326febf,8df9c46b-25f9-445b-b825-2ccf80343fbd,2024-07-05,19:23:25.77,2024-07-05,23:23:25.77,2024-07-05T19:23:25.7711578-04:00,2024-07-05T23:23:25.7711578Z,LEX_LEG,GAS,StrikeSwinging,Undefined,NoShift,98.0956,54.519,149.95982,30.87205,94.90231,-74.06405,145.22724,-49.61501,262.0649,-139.96692,340.92863,-8.35551,276.3464,129.21614,,,,,,,,,,,,,,,true
5f37b725-4b2e-43d8-8148-9b7a3a83bb4a,43,9ed48010-3b25-11ef-9af2-4fe8e326febf,15a64837-8359-4542-96e3-c2843fc7ba15,2024-07-05,19:23:43.75,2024-07-05,23:23:43.75,2024-07-05T19:23:43.7509082-04:00,2024-07-05T23:23:43.7509082Z,LEX_LEG,GAS,StrikeCalled,Undefined,NoShift,98.75049,55.21184,149.67177,32.14836,95.49781,-74.89796,145.22569,-50.09855,265.09016,-139.99484,337.30715,-8.34488,331.73435,193.05957,,,,,,,,,,,,,,,true
5f37b725-4b2e-43d8-8148-9b7a3a83bb4a,44,a9126b00-3b25-11ef-9af2-4fe8e326febf,931b3a6c-5b25-475e-bde3-0a65ba64044a,2024-07-05,19:24:00.82,2024-07-05,23:24:00.82,2024-07-05T19:24:00.8279514-04:00,2024-07-05T23:24:00.8279514Z,LEX_LEG,GAS,BallCalled,Undefined,NoShift,99.37608,55.83225,149.7175,30.57609,95.31209,-74.37192,143.33461,-49.71946,262.84841,-138.48666,340.38206,-6.14509,331.62916,193.06569,,,,,,,,,,,,,,,true
5f37b725-4b2e-43d8-8148-9b7a3a83bb4a,45,b3516760-3b25-11ef-9af2-4fe8e326febf,03d72f88-fbc1-436e-91d1-095e99e8d49e,2024-07-05,19:24:18.04,2024-07-05,23:24:18.04,2024-07-05T19:24:18.0470746-04:00,2024-07-05T23:24:18.0470746Z,LEX_LEG,GAS,InPlay,Out,NoShift,98.53627,55.82627,150.4827,30.90742,95.70139,-74.36268,143.07249,-50.74278,265.18827,-138.98603,339.41287,-5.98152,279.148,136.21238,,,,,,,,,,,,,,,true
5f37b725-4b2e-43d8-8148-9b7a3a83bb4a,46,09e58ed0-3b26-11ef-9af2-4fe8e326febf,5a680c18-abcb-4530-846d-528a00cf83b5,2024-07-05,19:26:43.27,2024-07-05,23:26:43.27,2024-07-05T19:26:43.2751066-04:00,2024-07-05T23:26:43.2751066Z,GAS,LEX_LEG,BallCalled,Undefined,NoShift,102.24746,63.57242,153.90291,24.27029,90.02146,-69.73456,143.43866,-45.81648,270.74064,-126.85599,339.09699,-2.63092,276.25737,132.07205,,,,,,,,,,,,,,,true
5f37b725-4b2e-43d8-8148-9b7a3a83bb4a,47,126045f0-3b26-11ef-9af2-4fe8e326febf,9912e758-b3a8-4722-b24c-a62040e7f60b,2024-07-05,19:26:57.52,2024-07-05,23:26:57.52,2024-07-05T19:26:57.5292378-04:00,2024-07-05T23:26:57.5292378Z,GAS,LEX_LEG,StrikeCalled,Undefined,NoShift,100.74726,61.38035,154.21788,24.7786,91.6109,-71.32154,145.9767,-46.91599,270.38715,-126.55908,335.29168,0.70066,328.18365,191.07774,,,,,,,,,,,,,,,true
5f37b725-4b2e-43d8-8148-9b7a3a83bb4a,48,1a39b400-3b26-11ef-9af2-4fe8e326febf,ffd37aea-fdae-492c-a67c-e11d63d62a74,2024-07-05,19:27:10.73,2024-07-05,23:27:10.73,2024-07-05T19:27:10.7304410-04:00,2024-07-05T23:27:10.7304410Z,GAS,LEX_LEG,FoulBallNotFieldable,Undefined,NoShift,98.31786,61.4843,155.68035,23.71831,94.0349,-73.07107,144.41641,-46.16669,268.06282,-124.57038,334.83603,1.00163,267.77467,135.3372,,,,,,,,,,,,,,,true
5f37b725-4b2e-43d8-8148-9b7a3a83bb4a,49,2592d2f0-3b26-11ef-9af2-4fe8e326febf,8fc8030e-1de4-417e-87e5-51f6d1617000,2024-07-05,19:27:29.71,2024-07-05,23:27:29.71,2024-07-05T19:27:29.7151962-04:00,2024-07-05T23:27:29.7151962Z,GAS,LEX_LEG,StrikeSwinging,Undefined,NoShift,99.09569,63.40335,155.26099,24.02194,95.58732,-73.52795,143.42524,-46.46994,275.06949,-120.67716,333.39851,1.10529,332.34705,193.5583,,,,,,,,,,,,,,,true
5f37b725-4b2e-43d8-8148-9b7a3a83bb4a,50,3b4fdb60-3b26-11ef-9af2-4fe8e326febf,edaf7e72-48c9-41cf-bbc3-08339ba35829,2024-07-05,19:28:06.29,2024-07-05,23:28:06.29,2024-07-05T19:28:06.2946778-04:00,2024-07-05T23:28:06.2946778Z,GAS,LEX_LEG,StrikeCalled,Undefined,NoShift,81.98598,49.92289,146.79132,38.77367,78.82735,-57.64316,152.54621,-32.65473,274.28968,-119.73803,331.54227,14.72185,266.6512,136.83148,,,,,,,,,,,,,,,true
5f37b725-4b2e-43d8-8148-9b7a3a83bb4a,51,41cf10a0-3b26-11ef-9af2-4fe8e326febf,1294cf82-5cbc-4b46-a194-c997df60236e,2024-07-05,19:28:17.11,2024-07-05,23:28:17.11,2024-07-05T19:28:17.1110874-04:00,2024-07-05T23:28:17.1110874Z,GAS,LEX_LEG,StrikeSwinging,Undefined,NoShift,78.12095,48.63838,145.5215,38.35183,78.88317,-57.26343,151.28098,-35.64536,273.50168,-118.22976,330.92924,14.8234,270.52885,137.73472,,,,,,,,,,,,,,,true
5f37b725-4b2e-43d8-8148-9b7a3a83bb4a,52,49b8ab50-3b26-11ef-9af2-4fe8e326febf,24b46fb3-2a64-47f6-9994-caa8af831084,2024-07-05,19:28:30.41,2024-07-05,23:28:30.41,2024-07-05T19:28:30.4110000-04:00,2024-07-05T23:28:30.4110000Z,GAS,LEX_LEG,StrikeSwinging,Undefined,NoShift,103.02753,61.58821,147.91681,39.27536,87.64379,-66.10205,149.52952,-36.63972,273.33977,-117.60151,325.36393,14.54258,268.65926,138.00224,,,,,,,,,,,,,,,true
5f37b725-4b2e-43d8-8148-9b7a3a83bb4a,53,5ac04200-3b26-11ef-9af2-4fe8e326febf,c17de76a-e9c4-47cc-84c2-7b04edc6ce55,2024-07-05,19:28:58.94,2024-07-05,23:28:58.94,2024-07-05T19:28:58.9464026-04:00,2024-07-05T23:28:58.9464026Z,GAS,LEX_LEG,StrikeCalled,Undefined,NoShift,89.55674,53.2137,149.27466,31.411,80.54082,-59.94458,143.05212,-47.97554,268.56382,-133.12349,334.66374,1.03443,268.9802,138.83747,,,,,,,,,,,,,,,true
5f37b725-4b2e-43d8-8148-9b7a3a83bb4a,54,6211e270-3b26-11ef-9af2-4fe8e326febf,e39ba02c-7e59-4192-9d8d-8a7f9f6891cf,2024-07-05,19:29:11.20,2024-07-05,23:29:11.20,2024-07-05T19:29:11.2094682-04:00,2024-07-05T23:29:11.2094682Z,GAS,LEX_LEG,StrikeCalled,Undefined,NoShift,93.11862,52.44594,150.62695,30.38592,82.81106,-61.42069,140.974,-46.3311,265.99601,-131.50729,336.95725,1.70286,266.28364,140.64144,,,,,,,,,,,,,,,true
5f37b725-4b2e-43d8-8148-9b7a3a83bb4a,55,6a4b71e0-3b26-11ef-9af2-4fe8e326febf,4f738666-3398-48d0-b4c1-221b5f09fb61,2024-07-05,19:29:25.07,2024-07-05,23:29:25.07,2024-07-05T19:29:25.0763226-04:00,2024-07-05T23:29:25.0763226Z,GAS,LEX_LEG,BallCalled,Undefined,NoShift,98.75528,55.54705,151.23924,33.04427,94.26309,-72.87595,142.50229,-46.35047,269.09619,-131.76488,334.82085,1.19928,262.52908,138.79685,,,,,,,,,,,,,,,true
5f37b725-4b2e-43d8-8148-9b7a3a83bb4a,56,7240cc60-3b26-11ef-9af2-4fe8e326febf,d4ac2f40-83f8-467f-93b3-1c9c040d9e4a,2024-07-05,19:29:38.35,2024-07-05,23:29:38.35,2024-07-05T19:29:38.3519706-04:00,2024-07-05T23:29:38.3519706Z,GAS,LEX_LEG,InPlay,Single,NoShift,98.68502,56.57604,151.71625,33.24983,96.96266,-74.02339,142.13515,-45.77009,267.47348,-130.28472,337.12972,3.32118,262.52566,139.56136,,,,,,,,,,,,,,,true
5f37b725-4b2e-43d8-8148-9b7a3a83bb4a,57,8b6c95c0-3b26-11ef-9af2-4fe8e326febf,69959a01-e9be-413a-9920-4d178a60ad21,2024-07-05,19:30:20.56,2024-07-05,23:30:20.56,2024-07-05T19:30:20.5660000-04:00,2024-07-05T23:30:20.5660000Z,GAS,LEX_LEG,StrikeCalled,Undefined,NoShift,63.28942,59.90274,146.2539,46.55991,95.72194,-49.85882,156.18677,-14.78507,274.53986,-123.12852,337.36266,5.16209,277.32669,138.6511,,,,,,,,,,,,,,,true
5f37b725-4b2e-43d8-8148-9b7a3a83bb4a,58,9f09cb70-3b26-11ef-9af2-4fe8e326febf,0300de8d-d9d6-4e9e-87da-5421de3a6d98,2024-07-05,19:30:53.54,2024-07-05,23:30:53.54,2024-07-05T19:30:53.5488474-04:00,2024-07-05T23:30:53.5488474Z,GAS,LEX_LEG,BallCalled,Undefined,NoShift,104.54527,70.22719,145.42301,44.72602,90.31115,-52.58911,156.57328,-15.61071,268.08037,-119.98383,331.08876,0.854,263.19037,126.93892,,,,,,,,,,,,,,,true
5f37b725-4b2e-43d8-8148-9b7a3a83bb4a,59,ab9cc9f0-3b26-11ef-9af2-4fe8e326febf,e5f31855-1d56-4bc7-b496-37944917c2d3,2024-07-05,19:31:14.63,2024-07-05,23:31:14.63,2024-07-05T19:31:14.6364890-04:00,2024-07-05T23:31:14.6364890Z,GAS,LEX_LEG,FoulBallNotFieldable,Undefined,NoShift,103.95111,74.86568,146.85782,43.5116,92.19491,-54.30359,160.12314,-15.39811,268.8494,-119.52847,333.10333,1.01885,332.68179,193.3309,,,,,,,,,,,,,,,true
5f37b725-4b2e-43d8-8148-9b7a3a83bb4a,60,ba721750-3b26-11ef-9af2-4fe8e326febf,ea03ce2d-9e32-4b82-bba6-251efede57a8,2024-07-05,19:31:39.46,2024-07-05,23:31:39.46,2024-07-05T19:31:39.4665946-04:00,2024-07-05T23:31:39.4665946Z,GAS,LEX_LEG,BallinDirt,Undefined,NoShift,104.04453,75.01563,147.50236,44.63599,94.99077,-57.02444,153.48638,-14.20935,261.54345,-125.97899,337.97537,0.08712,273.17148,133.34277,,,,,,,,,,,,,,,true
5f37b725-4b2e-43d8-8148-9b7a3a83bb4a,61,daebfeb0-3b26-11ef-9af2-4fe8e326febf,80d5270b-d945-455c-8187-fbe06be0cd5d,2024-07-05,19:32:34.04,2024-07-05,23:32:34.04,2024-07-05T19:32:34.0416474-04:00,2024-07-05T23:32:34.0416474Z,GAS,LEX_LEG,InPlay,Out,NoShift,103.8798,74.75792,147.38286,44.24581,96.17655,-58.42456,155.70732,-12.40194,259.35502,-123.83946,334.9089,0.04833,279.50294,135.29542,,,,,,,,,,,,,,,true
5f37b725-4b2e-43d8-8148-9b7a3a83bb4a,62,350fdc90-3b27-11ef-9af2-4fe8e326febf,f5a57d72-feee-4602-8d4b-6478d117811e,2024-07-05,19:35:05.20,2024-07-05,23:35:05.20,2024-07-05T19:35:05.2030938-04:00,2024-07-05T23:35:05.2030938Z,LEX_LEG,GAS,StrikeSwinging,Undefined,NoShift,99.37157,55.59754,153.43728,29.1001,92.66048,-70.56734,144.61938,-49.78139,274.81535,-144.18514,330.01106,-14.14518,273.69551,129.72359,,,,,,,,,,,,,,,true
5f37b725-4b2e-43d8-8148-9b7a3a83bb4a,63,3c8ad6f0-3b27-11ef-9af2-4fe8e326febf,840a6698-9b3e-4895-b130-92a8f14e6857,2024-07-05,19:35:17.78,2024-07-05,23:35:17.78,2024-07-05T19:35:17.7874906-04:00,2024-07-05T23:35:17.7874906Z,LEX_LEG,GAS,StrikeSwinging,Undefined,NoShift,97.48887,55.58279,151.65989,29.97098,93.60541,-72.45255,144.55303,-49.86007,275.24095,-144.38904,348.4266,-13.02601,276.09325,133.44341,,,,,,,,,,,,,,,true
5f37b725-4b2e-43d8-8148-9b7a3a83bb4a,64,485184c0-3b27-11ef-9af2-4fe8e326febf,8745c84c-0afe-49bf-91d5-ea2d630d1e86,2024-07-05,19:35:37.50,2024-07-05,23:35:37.50,2024-07-05T19:35:37.5064538-04:00,2024-07-05T23:35:37.5064538Z,LEX_LEG,GAS,BallCalled,Undefined,NoShift,97.88925,55.96586,151.16966,29.01201,93.64915,-72.68665,143.92913,-50.02867,268.90379,-139.88638,343.80194,-9.05639,276.31722,136.81614,,,,,,,,,,,,,,,true
5f37b725-4b2e-43d8-8148-9b7a3a83bb4a,65,50348fc0-3b27-11ef-9af2-4fe8e326febf,d5b840ac-ec49-4dac-82d8-75f75b818087,2024-07-05,19:35:50.80,2024-07-05,23:35:50.80,2024-07-05T19:35:50.8010000-04:00,2024-07-05T23:35:50.8010000Z,LEX_LEG,GAS,StrikeSwinging,Undefined,NoShift,98.52084,56.19604,152.20882,28.10194,93.3554,-72.40377,143.94143,-50.45179,263.81253,-138.01779,350.52024,-7.41007,331.75426,192.97884,,,,,,,,,,,,,,,true
5f37b725-4b2e-43d8-8148-9b7a3a83bb4a,66,63ef1170-3b27-11ef-9af2-4fe8e326febf,f815777f-eaa2-4fb4-acc6-1102c050dfe4,2024-07-05,19:36:23.81,2024-07-05,23:36:23.81,2024-07-05T19:36:23.8114778-04:00,2024-07-05T23:36:23.8114778Z,LEX_LEG,GAS,BallCalled,Undefined,NoShift,100.03065,57.12506,151.7346,33.76963,95.4159,-75.29604,145.47545,-51.13162,264.86684,-138.31299,343.92533,-8.32356,264.91004,133.61725,,,,,,,,,,,,,,,true
5f37b725-4b2e-43d8-8148-9b7a3a83bb4a,67,6f5b4330-3b27-11ef-9af2-4fe8e326febf,ec6b2161-fd59-4ab4-869e-061b7eeafd81,2024-07-05,19:36:43.05,2024-07-05,23:36:43.05,2024-07-05T19:36:43.0564826-04:00,2024-07-05T23:36:43.0564826Z,LEX_LEG,GAS,InPlay,Single,NoShift,97.25725,55.02283,150.71196,31.32766,93.30837,-74.62258,145.07984,-50.39022,268.34183,-139.04417,337.39729,-15.62847,330.11207,192.16426,,,,,,,,,,,,,,,true
5f37b725-4b2e-43d8-8148-9b7a3a83bb4a,68,866b0a60-3b27-11ef-9af2-4fe8e326febf,54dc4352-4131-4239-84f5-670579af4707,2024-07-05,19:37:21.67,2024-07-05,23:37:21.67,2024-07-05T19:37:21.6719322-04:00,2024-07-05T23:37:21.6719322Z,LEX_LEG,GAS,StrikeSwinging,Undefined,NoShift,63.06593,56.20858,142.00352,33.10847,85.13139,-57.70219,144.93864,-24.16712,277.7496,-128.1581,330.76262,7.2461,278.77744,139.74035,,,,,,,,,,,,,,,true
5f37b725-4b2e-43d8-8148-9b7a3a83bb4a,69,9174d0d0-3b27-11ef-9af2-4fe8e326febf,2ce67c04-a44d-4dc0-8ff6-2fb2b92e0197,2024-07-05,19:37:40.26,2024-07-05,23:37:40.26,2024-07-05T19:37:40.2605530-04:00,2024-07-05T23:37:40.2605530Z,LEX_LEG,GAS,BallCalled,Undefined,NoShift,62.91724,56.13343,142.11063,32.20554,90.33522,-58.20439,145.20197,-23.61069,276.98181,-131.48042,332.64629,6.49492,270.96028,135.84736,,,,,,,,,,,,,,,true
5f37b725-4b2e-43d8-8148-9b7a3a83bb4a,70,9d99a430-3b27-11ef-9af2-4fe8e326febf,69ca336d-e701-4994-9056-3dea3e639cae,2024-07-05,19:38:00.62,2024-07-05,23:38:00.62,2024-07-05T19:38:00.6275034-04:00,2024-07-05T23:38:00.6275034Z,LEX_LEG,GAS,StrikeSwinging,Undefined,NoShift,63.17925,56.21701,141.94061,32.6977,91.1694,-61.22352,145.11312,-24.04448,274.9332,-131.14498,331.77211,5.48412,271.0094,134.09344,,,,,,,,,,,,,,,true
5f37b725-4b2e-43d8-8148-9b7a3a83bb4a,71,ab4d54f0-3b27-11ef-9af2-4fe8e326febf,4295c30f-ed4d-42af-aff4-8dd98195e6d6,2024-07-05,19:38:23.62,2024-07-05,23:38:23.62,2024-07-05T19:38:23.6280794-04:00,2024-07-05T23:38:23.6280794Z,LEX_LEG,GAS,InPlay,Single,NoShift,65.75266,54.71116,140.81376,32.79074,91.81031,-61.5376,146.18362,-23.91955,274.91447,-128.37719,329.9702,3.65346,268.29583,133.65538,,,,,,,,,,,,,,,true
5f37b725-4b2e-43d8-8148-9b7a3a83bb4a,72,c42c84f0-3b27-11ef-9af2-4fe8e326febf,6ce73afd-eb61-43e7-9567-4ad954016042,2024-07-05,19:39:05.32,2024-07-05,23:39:05.32,2024-07-05T19:39:05.3269466-04:00,2024-07-05T23:39:05.3269466Z,LEX_LEG,GAS,StrikeCalled,Undefined,NoShift,96.09662,58.08488,140.47727,19.78758,86.9089,-63.73475,135.09909,-42.31777,263.9225,-145.90377,319.31696,-14.93339,269.10762,131.43026,,,,,,,,,,,,,,,true
5f37b725-4b2e-43d8-8148-9b7a3a83bb4a,73,d085aec0-3b27-11ef-9af2-4fe8e326febf,15000622-d007-42ce-84fc-1def812f595c,2024-07-05,19:39:26.05,2024-07-05,23:39:26.05,2024-07-05T19:39:26.0592602-04:00,2024-07-05T23:39:26.0592602Z,LEX_LEG,GAS,BallinDirt,Undefined,NoShift,96.79388,55.80749,143.02811,18.75844,86.87098,-63.42468,135.62281,-41.82755,256.43728,-143.19851,335.51113,-14.69906,266.76063,131.8624,,,,,,,,,,,,,,,true
5f37b725-4b2e-43d8-8148-9b7a3a83bb4a,74,dde83240-3b27-11ef-9af2-4fe8e326febf,fe3d4f38-9ee8-47e7-96cf-ffb925f87f7e,2024-07-05,19:39:48.47,2024-07-05,23:39:48.47,2024-07-05T19:39:48.4762586-04:00,2024-07-05T23:39:48.4762586Z,LEX_LEG,GAS,InPlay,Out,NoShift,98.31758,60.52184,145.32307,16.81932,90.04798,-65.00373,136.04574,-41.64061,257.67801,-144.3895,334.99696,-12.54049,274.60285,135.16237,,,,,,,,,,,,,,,true
5f37b725-4b2e-43d8-8148-9b7a3a83bb4a,75,f83ec000-3b27-11ef-9af2-4fe8e326febf,04c1a167-7247-467c-8f0c-1fc3ee0b8e17,2024-07-05,19:40:32.63,2024-07-05,23:40:32.63,2024-07-05T19:40:32.6325210-04:00,2024-07-05T23:40:32.6325210Z,LEX_LEG,GAS,FoulBallNotFieldable,Undefined,NoShift,102.16532,57.02445,150.42902,22.22626,92.88254,-70.43806,145.17815,-48.64069,256.6483,-144.2059,329.5841,-12.98676,274.24333,133.77911,,,,,,,,,,,,,,,true
5f37b725-4b2e-43d8-8148-9b7a3a83bb4a,76,07d45020-3b28-11ef-9af2-4fe8e326febf,fb74adeb-d281-4336-bcc6-62e8595e4e4a,2024-07-05,19:40:58.83,2024-07-05,23:40:58.83,2024-07-05T19:40:58.8394970-04:00,2024-07-05T23:40:58.8394970Z,LEX_LEG,GAS,FoulBallNotFieldable,Undefined,NoShift,101.33632,55.61498,153.44893,27.11923,92.63654,-71.02774,143.64225,-49.32178,256.03703,-139.65623,330.51184,-12.16968,263.05494,129.69177,,,,,,,,,,,,,,,true
5f37b725-4b2e-43d8-8148-9b7a3a83bb4a,77,19a6b0e0-3b28-11ef-9af2-4fe8e326febf,3cba20c0-e0db-4548-9efa-0f2954bd446a,2024-07-05,19:41:28.71,2024-07-05,23:41:28.71,2024-07-05T19:41:28.7198682-04:00,2024-07-05T23:41:28.7198682Z,LEX_LEG,GAS,InPlay,Out,NoShift,102.41772,56.09794,148.53531,29.67566,90.4644,-69.92734,144.04898,-48.0679,255.89473,-138.61727,326.82027,-10.39461,266.71514,132.81425,,,,,,,,,,,,,,,true
5f37b725-4b2e-43d8-8148-9b7a3a83bb4a,78,7378ec50-3b28-11ef-9af2-4fe8e326febf,f241d45b-1694-449c-bbd7-cc546d75a7d0,2024-07-05,19:43:59.41,2024-07-05,23:43:59.41,2024-07-05T19:43:59.4184154-04:00,2024-07-05T23:43:59.4184154Z,GAS,LEX_LEG,StrikeCalled,Undefined,NoShift,95.09805,61.33962,154.78691,25.63622,98.60083,-74.16806,143.97744,-46.75597,272.62307,-117.12016,335.6537,2.82518,332.49226,193.46721,,,,,,,,,,,,,,,true
5f37b725-4b2e-43d8-8148-9b7a3a83bb4a,79,7a9795e0-3b28-11ef-9af2-4fe8e326febf,6a884241-edb3-41fd-807b-76675737be27,2024-07-05,19:44:11.40,2024-07-05,23:44:11.40,2024-07-05T19:44:11.4064346-04:00,2024-07-05T23:44:11.4064346Z,GAS,LEX_LEG,StrikeSwinging,Undefined,NoShift,97.77805,62.2001,154.10238,27.16042,98.98189,-73.97998,144.47738,-45.68503,271.67698,-114.36271,340.05509,7.53694,263.96108,141.45026,,,,,,,,,,,,,,,true
5f37b725-4b2e-43d8-8148-9b7a3a83bb4a,80,83850c00-3b28-11ef-9af2-4fe8e326febf,51569a5e-b1b7-4f87-9761-dee7905b18bc,2024-07-05,19:44:26.38,2024-07-05,23:44:26.38,2024-07-05T19:44:26.3871450-04:00,2024-07-05T23:44:26.3871450Z,GAS,LEX_LEG,InPlay,Out,NoShift,96.46875,63.2772,152.47923,27.30498,98.28323,-75.3271,144.26941,-45.50252,272.30017,-113.7401,335.48978,4.62081,261.72364,141.44317,,,,,,,,,,,,,,,true
5f37b725-4b2e-43d8-8148-9b7a3a83bb4a,81,963fa9e0-3b28-11ef-9af2-4fe8e326febf,cfcbe399-3fbf-4188-94ef-8e5febf46417,2024-07-05,19:44:57.74,2024-07-05,23:44:57.74,2024-07-05T19:44:57.7455066-04:00,2024-07-05T23:44:57.7455066Z,GAS,LEX_LEG,BallCalled,Undefined,NoShift,103.09455,73.99409,147.46669,41.37353,97.64689,-53.82773,155.38973,-18.41425,270.72564,-119.03623,337.03466,6.58913,290.76451,145.66416,,,,,,,,,,,,,,,true
5f37b725-4b2e-43d8-8148-9b7a3a83bb4a,82,9cfc3640-3b28-11ef-9af2-4fe8e326febf,78a5ad7f-52e3-47c9-a169-7ea3b761d9f7,2024-07-05,19:45:09.05,2024-07-05,23:45:09.05,2024-07-05T19:45:09.0532314-04:00,2024-07-05T23:45:09.0532314Z,GAS,LEX_LEG,InPlay,Out,NoShift,102.87012,76.96444,147.3766,42.00776,101.53358,-54.8996,154.79723,-18.19329,272.2362,-119.15367,337.32629,4.50953,285.43951,142.9892,,,,,,,,,,,,,,,true
5f37b725-4b2e-43d8-8148-9b7a3a83bb4a,83,b3831e60-3b28-11ef-9af2-4fe8e326febf,70130a03-5cb9-4b29-bf31-2b3dafa477e4,2024-07-05,19:45:46.91,2024-07-05,23:45:46.91,2024-07-05T19:45:46.9138906-04:00,2024-07-05T23:45:46.9138906Z,GAS,LEX_LEG,FoulBallNotFieldable,Undefined,NoShift,101.94127,58.81141,155.05282,22.47653,97.87578,-75.4785,144.58012,-45.80905,271.43183,-117.4131,332.33014,4.22203,270.10916,138.08153,,,,,,,,,,,,,,,true
5f37b725-4b2e-43d8-8148-9b7a3a83bb4a,84,be3b9080-3b28-11ef-9af2-4fe8e326febf,036bc7e2-f5ae-4208-a57f-e191aaecef28,2024-07-05,19:46:04.84,2024-07-05,23:46:04.84,2024-07-05T19:46:04.8491994-04:00,2024-07-05T23:46:04.8491994Z,GAS,LEX_LEG,BallCalled,Undefined,NoShift,99.54528,57.36808,154.24161,21.62737,99.7288,-76.54562,142.91749,-44.01936,271.29723,-118.30382,336.38524,8.63116,271.01847,140.73009,,,,,,,,,,,,,,,true
5f37b725-4b2e-43d8-8148-9b7a3a83bb4a,85,c6879680-3b28-11ef-9af2-4fe8e326febf,f0868f6d-5ebf-4d06-a702-fc7d6cada2fd,2024-07-05,19:46:18.76,2024-07-05,23:46:18.76,2024-07-05T19:46:18.7611098-04:00,2024-07-05T23:46:18.7611098Z,GAS,LEX_LEG,StrikeCalled,Undefined,NoShift,97.53137,58.85211,153.19365,21.35639,100.15151,-76.52957,143.2968,-44.31742,272.86358,-119.07006,338.26104,8.65091,272.29683,141.22075,,,,,,,,,,,,,,,true
5f37b725-4b2e-43d8-8148-9b7a3a83bb4a,86,d01fcb90-3b28-11ef-9af2-4fe8e326febf,a6db4998-4781-485f-8d9f-9acc078abc10,2024-07-05,19:46:34.88,2024-07-05,23:46:34.88,2024-07-05T19:46:34.8879834-04:00,2024-07-05T23:46:34.8879834Z,GAS,LEX_LEG,BallCalled,Undefined,NoShift,96.18908,59.72556,153.81133,21.43298,96.97286,-74.72102,143.14187,-44.1866,272.11605,-118.30037,334.15645,6.70709,274.83617,142.86613,,,,,,,,,,,,,,,true
5f37b725-4b2e-43d8-8148-9b7a3a83bb4a,87,d9fc5ca0-3b28-11ef-9af2-4fe8e326febf,5219bb95-b8c4-488d-bca0-13cc57ee8d0d,2024-07-05,19:46:51.38,2024-07-05,23:46:51.38,2024-07-05T19:46:51.3879514-04:00,2024-07-05T23:46:51.3879514Z,GAS,LEX_LEG,FoulBallNotFieldable,Undefined,NoShift,96.95417,59.68271,153.51997,20.69316,98.60475,-76.2082,143.3272,-44.52242,272.79142,-117.27587,336.724,9.89719,330.53551,192.3757,,,,,,,,,,,,,,,true
5f37b725-4b2e-43d8-8148-9b7a3a83bb4a,88,ee01f110-3b28-11ef-9af2-4fe8e326febf,9fbe9e2c-7e2b-4f43-91f1-d6a9efc3010e,2024-07-05,19:47:25.03,2024-07-05,23:47:25.03,2024-07-05T19:47:25.0357210-04:00,2024-07-05T23:47:25.0357210Z,GAS,LEX_LEG,FoulBallNotFieldable,Undefined,NoShift,99.18998,60.07231,153.75486,20.65917,97.69189,-73.91917,144.22035,-46.36298,274.51299,-116.38068,340.86764,10.68081,267.80696,141.25523,,,,,,,,,,,,,,,true
5f37b725-4b2e-43d8-8148-9b7a3a83bb4a,89,ff4e58f0-3b28-11ef-9af2-4fe8e326febf,f38c31b8-d8e5-468d-904f-96cad45cd49b,2024-07-05,19:47:54.11,2024-07-05,23:47:54.11,2024-07-05T19:47:54.1159386-04:00,2024-07-05T23:47:54.1159386Z,GAS,LEX_LEG,StrikeCalled,Undefined,NoShift,100.62032,55.69793,153.56311,21.04421,98.59507,-75.44601,143.2259,-45.57355,272.99445,-116.05623,338.63618,6.91461,272.78459,138.72787,,,,,,,,,,,,,,,true
5f37b725-4b2e-43d8-8148-9b7a3a83bb4a,90,5a49d220-3b29-11ef-9af2-4fe8e326febf,f1508d70-9795-4e9c-9be2-b00aac10405c,2024-07-05,19:50:26.64,2024-07-05,23:50:26.64,2024-07-05T19:50:26.6478042-04:00,2024-07-05T23:50:26.6478042Z,LEX_LEG,GAS,StrikeCalled,Undefined,NoShift,98.73515,86.7472,135.19591,61.41322,110.00477,-58.5624,157.69544,-12.52886,274.76366,-129.48678,346.96019,-8.83389,265.6254,131.83779,,,,,,,,,,,,,,,true
5f37b725-4b2e-43d8-8148-9b7a3a83bb4a,91,6188d4f0-3b29-11ef-9af2-4fe8e326febf,de9ab604-f1c8-428a-a370-2b6f432832a2,2024-07-05,19:50:38.84,2024-07-05,23:50:38.84,2024-07-05T19:50:38.8477402-04:00,2024-07-05T23:50:38.8477402Z,LEX_LEG,GAS,StrikeSwinging,Undefined,NoShift,97.81602,85.39791,135.90029,63.09786,109.50765,-58.91503,155.75322,-11.46695,272.16765,-129.89906,341.61071,-8.4999,275.82573,138.22594,,,,,,,,,,,,,,,true
5f37b725-4b2e-43d8-8148-9b7a3a83bb4a,92,6a7c8ca0-3b29-11ef-9af2-4fe8e326febf,a23d3052-b29e-4733-9639-af5b216702e8,2024-07-05,19:50:53.81,2024-07-05,23:50:53.81,2024-07-05T19:50:53.8127834-04:00,2024-07-05T23:50:53.8127834Z,LEX_LEG,GAS,InPlay,Out,NoShift,100.53349,87.08699,136.72646,61.8217,112.9168,-59.87487,156.74157,-11.35138,273.02633,-129.59576,343.29266,-9.42604,275.62915,138.5022,,,,,,,,,,,,,,,true
5f37b725-4b2e-43d8-8148-9b7a3a83bb4a,93,7f4f3510-3b29-11ef-9af2-4fe8e326febf,a8b9e1b0-eed0-47ff-a49a-921eba7a6f4c,2024-07-05,19:51:28.85,2024-07-05,23:51:28.85,2024-07-05T19:51:28.8582618-04:00,2024-07-05T23:51:28.8582618Z,LEX_LEG,GAS,StrikeSwinging,Undefined,NoShift,96.44064,57.1805,151.76259,27.65723,97.0587,-76.60225,145.78722,-49.14886,276.80113,-129.28485,342.33989,-5.55596,270.56485,133.90875,,,,,,,,,,,,,,,true
5f37b725-4b2e-43d8-8148-9b7a3a83bb4a,94,8687a830-3b29-11ef-9af2-4fe8e326febf,592e9c6d-8761-4a0c-afd6-cb7bbc2047db,2024-07-05,19:51:40.85,2024-07-05,23:51:40.85,2024-07-05T19:51:40.8583642-04:00,2024-07-05T23:51:40.8583642Z,LEX_LEG,GAS,BallinDirt,Undefined,NoShift,97.32698,57.12674,153.19374,25.52386,96.84715,-76.61602,146.23159,-49.04796,283.00698,-133.41635,340.50535,-6.35144,271.67879,136.39363,,,,,,,,,,,,,,,true
5f37b725-4b2e-43d8-8148-9b7a3a83bb4a,95,8e8b3380-3b29-11ef-9af2-4fe8e326febf,d459ca25-6fc5-4acb-8a41-11ee9b18d077,2024-07-05,19:51:54.31,2024-07-05,23:51:54.31,2024-07-05T19:51:54.3153114-04:00,2024-07-05T23:51:54.3153114Z,LEX_LEG,GAS,StrikeSwinging,Undefined,NoShift,97.3436,57.48526,151.35091,26.00389,97.97014,-76.26014,145.74518,-49.07294,298.61775,-139.20834,341.60526,-5.53223,270.57482,133.17837,,,,,,,,,,,,,,,true
5f37b725-4b2e-43d8-8148-9b7a3a83bb4a,96,9ceefa60-3b29-11ef-9af2-4fe8e326febf,1094a880-c5a3-4974-a841-53a38e466f3e,2024-07-05,19:52:18.46,2024-07-05,23:52:18.46,2024-07-05T19:52:18.4693722-04:00,2024-07-05T23:52:18.4693722Z,LEX_LEG,GAS,InPlay,Out,NoShift,98.80931,55.65648,152.43863,26.43819,97.81339,-76.50575,142.83353,-48.82394,278.99575,-131.59674,346.22859,3.7908,269.39836,132.49757,,,,,,,,,,,,,,,true
5f37b725-4b2e-43d8-8148-9b7a3a83bb4a,97,b1ef4280-3b29-11ef-9af2-4fe8e326febf,6f0a2414-8bc9-4f40-8ef2-e59dfc254cd0,2024-07-05,19:52:53.67,2024-07-05,23:52:53.67,2024-07-05T19:52:53.6798170-04:00,2024-07-05T23:52:53.6798170Z,LEX_LEG,GAS,StrikeCalled,Undefined,NoShift,98.54388,55.20953,150.80408,31.28914,91.99921,-72.43417,144.84867,-49.62241,275.56662,-136.79412,344.45248,6.25925,266.6006,128.47762,,,,,,,,,,,,,,,true
5f37b725-4b2e-43d8-8148-9b7a3a83bb4a,98,baa8fe70-3b29-11ef-9af2-4fe8e326febf,aa433820-4770-482a-bd90-0c45edea769d,2024-07-05,19:53:08.31,2024-07-05,23:53:08.31,2024-07-05T19:53:08.3111386-04:00,2024-07-05T23:53:08.3111386Z,LEX_LEG,GAS,BallCalled,Undefined,NoShift,97.91154,56.01384,151.74087,32.03371,93.71365,-72.83506,145.33967,-49.48201,274.15106,-137.2085,345.99534,6.56677,268.68827,131.77026,,,,,,,,,,,,,,,true
5f37b725-4b2e-43d8-8148-9b7a3a83bb4a,99,c8449350-3b29-11ef-9af2-4fe8e326febf,9a0b5aef-93fd-4400-a675-93d73afc3fa1,2024-07-05,19:53:31.21,2024-07-05,23:53:31.21,2024-07-05T19:53:31.2118746-04:00,2024-07-05T23:53:31.2118746Z,LEX_LEG,GAS,FoulBallNotFieldable,Undefined,NoShift,99.06324,56.68767,150.77515,31.28465,96.24927,-74.66765,144.06057,-49.35232,271.64503,-135.54121,341.23358,7.44034,327.91861,191.08801,,,,,,,,,,,,,,,true
5f37b725-4b2e-43d8-8148-9b7a3a83bb4a,100,e479cc20-3b29-11ef-9af2-4fe8e326febf,0b42f6ee-20d3-4ee3-82f2-8967b0b1ee5a,2024-07-05,19:54:18.50,2024-07-05,23:54:18.50,2024-07-05T19:54:18.5074650-04:00,2024-07-05T23:54:18.5074650Z,LEX_LEG,GAS,BallinDirt,Undefined,NoShift,99.41634,56.91299,151.48906,30.8067,95.69397,-76.076,144.96018,-49.34515,268.59839,-137.04249,341.01375,9.63399,271.13316,132.59917,,,,,,,,,,,,,,,true
5f37b725-4b2e-43d8-8148-9b7a3a83bb4a,101,f351ffb0-3b29-11ef-9af2-4fe8e326febf,12b98562-62a5-4f15-bdba-bf112c40455b,2024-07-05,19:54:43.42,2024-07-05,23:54:43.42,2024-07-05T19:54:43.4224090-04:00,2024-07-05T23:54:43.4224090Z,LEX_LEG,GAS,BallCalled,Undefined,NoShift,99.67165,58.16309,151.28367,30.17054,94.7293,-76.96123,144.76434,-49.33707,272.25513,-138.26711,344.63712,9.88783,269.67657,132.26316,,,,,,,,,,,,,,,true
5f37b725-4b2e-43d8-8148-9b7a3a83bb4a,102,fff88630-3b29-11ef-9af2-4fe8e326febf,ce162877-5c78-414e-8dc8-08bc67a206f9,2024-07-05,19:55:04.63,2024-07-05,23:55:04.63,2024-07-05T19:55:04.6310874-04:00,2024-07-05T23:55:04.6310874Z,LEX_LEG,GAS,BallCalled,Undefined,NoShift,98.74791,56.34986,150.51141,31.00347,95.60175,-76.58486,145.12943,-49.48917,272.90461,-135.65139,333.40994,6.51503,267.77363,130.66009,,,,,,,,,,,,,,,true
5f37b725-4b2e-43d8-8148-9b7a3a83bb4a,103,19a08470-3b2a-11ef-9af2-4fe8e326febf,cf5117c0-46eb-4442-a123-3c336fe295cc,2024-07-05,19:55:47.63,2024-07-05,23:55:47.63,2024-07-05T19:55:47.6389850-04:00,2024-07-05T23:55:47.6389850Z,LEX_LEG,GAS,BallCalled,Undefined,NoShift,63.9602,58.90894,147.96316,24.14513,95.14345,-76.22806,144.8158,-48.26648,262.22328,-140.46926,338.63112,-7.94534,265.11388,131.6403,,,,,,,,,,,,,,,true
5f37b725-4b2e-43d8-8148-9b7a3a83bb4a,104,23e6acc0-3b2a-11ef-9af2-4fe8e326febf,faa255f2-18cd-4fed-ab30-9cf2aa32a238,2024-07-05,19:56:04.92,2024-07-05,23:56:04.92,2024-07-05T19:56:04.9246170-04:00,2024-07-05T23:56:04.9246170Z,LEX_LEG,GAS,StrikeCalled,Undefined,NoShift,63.72135,57.63698,147.35384,24.715,94.84684,-75.1369,145.75895,-49.00309,265.30823,-140.99506,342.54896,-7.13248,268.72698,132.16708,,,,,,,,,,,,,,,true
5f37b725-4b2e-43d8-8148-9b7a3a83bb4a,105,2e501480-3b2a-11ef-9af2-4fe8e326febf,0ad1414f-5101-441f-ad19-fe5f616e4e27,2024-07-05,19:56:22.38,2024-07-05,23:56:22.38,2024-07-05T19:56:22.3887834-04:00,2024-07-05T23:56:22.3887834Z,LEX_LEG,GAS,BallinDirt,Undefined,NoShift,63.89782,56.81645,146.18485,21.68,95.5398,-75.28422,144.75267,-49.76166,266.2718,-138.78636,340.28132,-7.1285,267.2194,131.98211,,,,,,,,,,,,,,,true
5f37b725-4b2e-43d8-8148-9b7a3a83bb4a,106,464ea880-3b2a-11ef-9af2-4fe8e326febf,b12cf4a3-c4f5-41f0-8e31-d426da719834,2024-07-05,19:57:02.59,2024-07-05,23:57:02.59,2024-07-05T19:57:02.5994714-04:00,2024-07-05T23:57:02.5994714Z,LEX_LEG,GAS,StrikeSwinging,Undefined,NoShift,97.84504,54.71964,143.26483,14.27323,93.84971,-73.82811,145.30394,-48.86504,262.72164,-139.60745,329.84281,-5.32317,267.86932,130.25137,,,,,,,,,,,,,,,true
5f37b725-4b2e-43d8-8148-9b7a3a83bb4a,107,609de340-3b2a-11ef-9af2-4fe8e326febf,13a2f6fd-7984-47c2-8a8e-d7fd46e3ec8d,2024-07-05,19:57:46.78,2024-07-05,23:57:46.78,2024-07-05T19:57:46.7893210-04:00,2024-07-05T23:57:46.7893210Z,LEX_LEG,GAS,InPlay,Out,NoShift,99.28785,55.54099,146.29974,25.38423,93.98692,-73.59026,144.67713,-50.00193,257.40305,-135.00597,324.75695,-4.52798,266.60722,127.63774,,,,,,,,,,,,,,,true
5f37b725-4b2e-43d8-8148-9b7a3a83bb4a,108,b53be000-3b2a-11ef-9af2-4fe8e326febf,41f87a58-30b6-45ba-a16c-e9a5bcf94a9e,2024-07-05,20:00:08.69,2024-07-06,00:00:08.69,2024-07-05T20:00:08.6973402-04:00,2024-07-06T00:00:08.6973402Z,GAS,LEX_LEG,StrikeCalled,Undefined,NoShift,102.72358,78.51889,147.32408,41.32659,94.57719,-51.59734,152.44366,-23.21468,271.12251,-115.11742,338.78834,3.08832,281.71221,141.77725,,,,,,,,,,,,,,,true
5f37b725-4b2e-43d8-8148-9b7a3a83bb4a,109,bd08caf0-3b2a-11ef-9af2-4fe8e326febf,85c69028-204a-4de2-9cd4-4254e68d32f2,2024-07-05,20:00:21.85,2024-07-06,00:00:21.85,2024-07-05T20:00:21.8542042-04:00,2024-07-06T00:00:21.8542042Z,GAS,LEX_LEG,BallCalled,Undefined,NoShift,101.20514,78.54369,146.86865,42.07264,98.35819,-54.01987,151.68606,-23.11156,273.44779,-116.30532,342.62795,2.14738,277.97393,140.7962,,,,,,,,,,,,,,,true
5f37b725-4b2e-43d8-8148-9b7a3a83bb4a,110,c42be150-3b2a-11ef-9af2-4fe8e326febf,d41504f9-aeda-4db5-b58e-e2f1e70148ad,2024-07-05,20:00:33.80,2024-07-06,00:00:33.80,2024-07-05T20:00:33.8022362-04:00,2024-07-06T00:00:33.8022362Z,GAS,LEX_LEG,BallinDirt,Undefined,NoShift,102.52385,78.03495,145.9345,42.28031,100.45437,-55.40212,151.83482,-21.62204,275.77758,-116.47458,339.78115,2.30624,278.56013,141.3961,,,,,,,,,,,,,,,true
5f37b725-4b2e-43d8-8148-9b7a3a83bb4a,111,ccda79b0-3b2a-11ef-9af2-4fe8e326febf,fd962197-7d35-4f47-aabf-0e85ed275789,2024-07-05,20:00:48.41,2024-07-06,00:00:48.41,2024-07-05T20:00:48.4104154-04:00,2024-07-06T00:00:48.4104154Z,GAS,LEX_LEG,InPlay,Out,NoShift,103.54241,79.37327,147.14676,42.02101,102.85022,-57.92004,153.19162,-21.65367,273.71747,-115.41598,339.55982,2.37775,282.66367,139.86923,,,,,,,,,,,,,,,true
5f37b725-4b2e-43d8-8148-9b7a3a83bb4a,112,e45e8680-3b2a-11ef-9af2-4fe8e326febf,0dd6a7e7-ae2c-422c-8da2-27cd4218afb7,2024-07-05,20:01:27.82,2024-07-06,00:01:27.82,2024-07-05T20:01:27.8234074-04:00,2024-07-06T00:01:27.8234074Z,GAS,LEX_LEG,StrikeCalled,Undefined,NoShift,104.55024,55.30713,154.19452,24.41038,94.19755,-71.76267,143.88272,-44.27301,270.00962,-120.9036,339.33693,2.62336,284.4564,129.77824,,,,,,,,,,,,,,,true
5f37b725-4b2e-43d8-8148-9b7a3a83bb4a,113,ec961a20-3b2a-11ef-9af2-4fe8e326febf,b528950e-57cb-4127-b403-03063964e96e,2024-07-05,20:01:41.61,2024-07-06,00:01:41.61,2024-07-05T20:01:41.6144346-04:00,2024-07-06T00:01:41.6144346Z,GAS,LEX_LEG,InPlay,Single,NoShift,100.66374,56.945,153.91892,23.6405,97.50377,-73.947,142.55856,-44.174,271.8149,-120.74866,337.55696,2.63184,281.41768,129.08269,,,,,,,,,,,,,,,true
5f37b725-4b2e-43d8-8148-9b7a3a83bb4a,114,05963fa0-3b2b-11ef-9af2-4fe8e326febf,475689a8-2295-4fa9-ad3d-6fae775683eb,2024-07-05,20:02:23.59,2024-07-06,00:02:23.59,2024-07-05T20:02:23.5960282-04:00,2024-07-06T00:02:23.5960282Z,GAS,LEX_LEG,BallCalled,Undefined,NoShift,63.20036,59.87898,147.09795,22.83693,79.0007,-58.40328,138.26394,-34.3417,272.28976,-125.17359,338.24618,2.46438,279.55842,140.09098,,,,,,,,,,,,,,,true
5f37b725-4b2e-43d8-8148-9b7a3a83bb4a,115,1e8f3930-3b2b-11ef-9af2-4fe8e326febf,4538e2a4-d87f-419a-9b94-6ea55d70ce15,2024-07-05,20:03:05.49,2024-07-06,00:03:05.49,2024-07-05T20:03:05.4957530-04:00,2024-07-06T00:03:05.4957530Z,GAS,LEX_LEG,FoulBallNotFieldable,Undefined,NoShift,63.29078,60.22447,145.99437,22.97103,83.95537,-61.95462,137.95246,-31.30484,271.65292,-124.3227,338.15405,2.54855,271.04454,142.63286,,,,,,,,,,,,,,,true
5f37b725-4b2e-43d8-8148-9b7a3a83bb4a,116,30b3d8a0-3b2b-11ef-9af2-4fe8e326febf,3b8a2cbf-d189-4ba5-b3ad-d86f9077a536,2024-07-05,20:03:35.90,2024-07-06,00:03:35.90,2024-07-05T20:03:35.9002586-04:00,2024-07-06T00:03:35.9002586Z,GAS,LEX_LEG,StrikeCalled,Undefined,NoShift,63.06149,59.97807,145.21452,22.83842,87.5636,-66.48254,138.69474,-29.88311,272.58542,-123.37806,334.02469,3.1844,267.56005,142.78114,,,,,,,,,,,,,,,true
5f37b725-4b2e-43d8-8148-9b7a3a83bb4a,117,4e766830-3b2b-11ef-9af2-4fe8e326febf,8269e684-1326-4aa0-8000-43db8f6beb05,2024-07-05,20:04:25.87,2024-07-06,00:04:25.87,2024-07-05T20:04:25.8731994-04:00,2024-07-06T00:04:25.8731994Z,GAS,LEX_LEG,FoulBallNotFieldable,Undefined,NoShift,62.79394,59.6618,146.01932,23.55582,90.66193,-69.31483,136.54764,-27.22825,277.58581,-122.73548,333.92121,7.63569,267.76348,142.5477,,,,,,,,,,,,,,,true
5f37b725-4b2e-43d8-8148-9b7a3a83bb4a,118,6827b540-3b2b-11ef-9af2-4fe8e326febf,4689b351-51d5-4fc3-b342-06f0e3c5c1e1,2024-07-05,20:05:09.00,2024-07-06,00:05:09.00,2024-07-05T20:05:09.0070000-04:00,2024-07-06T00:05:09.0070000Z,GAS,LEX_LEG,BallCalled,Undefined,NoShift,62.96331,60.11375,143.70866,23.14808,92.68777,-69.66093,136.07707,-29.07892,275.52326,-122.14114,336.43224,7.9291,262.94219,146.03426,,,,,,,,,,,,,,,true
5f37b725-4b2e-43d8-8148-9b7a3a83bb4a,119,7c628a80-3b2b-11ef-9af2-4fe8e326febf,a957b139-5252-401f-b5c5-f792af5691a2,2024-07-05,20:05:42.82,2024-07-06,00:05:42.82,2024-07-05T20:05:42.8281818-04:00,2024-07-06T00:05:42.8281818Z,GAS,LEX_LEG,BallCalled,Undefined,NoShift,102.90866,64.46754,152.73416,29.95992,96.71491,-75.35942,145.89561,-48.26002,272.16138,-124.79299,336.89909,10.94497,268.51162,146.50186,,,,,,,,,,,,,,,true
5f37b725-4b2e-43d8-8148-9b7a3a83bb4a,120,869a0cd0-3b2b-11ef-9af2-4fe8e326febf,ee4ae312-afc9-4f49-a4e4-3573c1b1aae2,2024-07-05,20:05:59.95,2024-07-06,00:05:59.95,2024-07-05T20:05:59.9598042-04:00,2024-07-06T00:05:59.9598042Z,GAS,LEX_LEG,BallCalled,Undefined,NoShift,99.70486,63.67849,152.31331,29.11295,98.62388,-75.96649,144.90496,-46.72374,269.40678,-123.18957,334.61449,10.99569,273.51426,146.75447,,,,,,,,,,,,,,,true
5f37b725-4b2e-43d8-8148-9b7a3a83bb4a,121,9ade57f0-3b2b-11ef-9af2-4fe8e326febf,334a621f-f5b1-4644-a753-b1a5deb7b0c7,2024-07-05,20:06:34.03,2024-07-06,00:06:34.03,2024-07-05T20:06:34.0303322-04:00,2024-07-06T00:06:34.0303322Z,GAS,LEX_LEG,InPlay,Out,NoShift,62.81979,59.93528,143.95217,39.48232,82.06639,-61.68048,148.98088,-34.14376,275.37414,-119.27821,340.16121,14.62607,269.41852,148.68636,,,,,,,,,,,,,,,true
5f37b725-4b2e-43d8-8148-9b7a3a83bb4a,122,eeaa5eb0-3b2b-11ef-9af2-4fe8e326febf,ee902e70-3c91-4f5e-b096-420a1134efc4,2024-07-05,20:08:54.57,2024-07-06,00:08:54.57,2024-07-05T20:08:54.5757658-04:00,2024-07-06T00:08:54.5757658Z,LEX_LEG,GAS,StrikeSwinging,Undefined,NoShift,97.00737,56.49656,153.633,32.20695,88.36686,-67.37464,143.89691,-49.62006,265.37004,-133.26545,333.01271,-6.74374,268.45224,134.79424,,,,,,,,,,,,,,,true
5f37b725-4b2e-43d8-8148-9b7a3a83bb4a,123,f5e765b0-3b2b-11ef-9af2-4fe8e326febf,42991613-d584-4f62-be97-9f8e52a5e735,2024-07-05,20:09:06.73,2024-07-06,00:09:06.73,2024-07-05T20:09:06.7311578-04:00,2024-07-06T00:09:06.7311578Z,LEX_LEG,GAS,BallCalled,Undefined,NoShift,98.24208,57.21987,150.29047,30.66181,94.46809,-74.14988,145.37918,-50.25966,268.72427,-136.70168,335.75705,-6.14563,274.86408,137.81993,,,,,,,,,,,,,,,true
5f37b725-4b2e-43d8-8148-9b7a3a83bb4a,124,fd313df0-3b2b-11ef-9af2-4fe8e326febf,9ce54d31-c629-4e85-a0eb-6a84dab23a54,2024-07-05,20:09:18.94,2024-07-06,00:09:18.94,2024-07-05T20:09:18.9488602-04:00,2024-07-06T00:09:18.9488602Z,LEX_LEG,GAS,StrikeSwinging,Undefined,NoShift,97.89347,57.40374,152.75728,24.23979,95.29503,-75.13753,144.221,-49.85512,265.60084,-136.15147,338.19867,-6.24444,273.99249,137.75835,,,,,,,,,,,,,,,true
5f37b725-4b2e-43d8-8148-9b7a3a83bb4a,125,07e06140-3b2c-11ef-9af2-4fe8e326febf,a99be67e-893b-46b0-82b8-a9255d8f0eb1,2024-07-05,20:09:36.88,2024-07-06,00:09:36.88,2024-07-05T20:09:36.8818138-04:00,2024-07-06T00:09:36.8818138Z,LEX_LEG,GAS,BallCalled,Undefined,NoShift,98.6609,57.43939,154.18193,24.92254,95.28735,-74.82399,144.75746,-51.30574,271.50288,-138.91003,341.14113,-6.02608,274.2095,137.40257,,,,,,,,,,,,,,,true
5f37b725-4b2e-43d8-8148-9b7a3a83bb4a,126,11b85e70-3b2c-11ef-9af2-4fe8e326febf,9cf54e65-34e9-4ae4-92d3-b16c729b08af,2024-07-05,20:09:53.41,2024-07-06,00:09:53.41,2024-07-05T20:09:53.4179802-04:00,2024-07-06T00:09:53.4179802Z,LEX_LEG,GAS,FoulBallNotFieldable,Undefined,NoShift,97.4616,56.87968,151.84676,29.42772,96.42709,-75.1718,145.10174,-50.27133,265.60583,-135.04561,346.0738,-6.0191,269.03606,134.7192,,,,,,,,,,,,,,,true
5f37b725-4b2e-43d8-8148-9b7a3a83bb4a,127,2b7bd3f0-3b2c-11ef-9af2-4fe8e326febf,823ddea8-9f86-43a4-a609-7dca7a3d0f2d,2024-07-05,20:10:36.66,2024-07-06,00:10:36.66,2024-07-05T20:10:36.6640090-04:00,2024-07-06T00:10:36.6640090Z,LEX_LEG,GAS,BallCalled,Undefined,NoShift,98.73421,55.16437,150.82811,29.36098,93.37445,-73.4367,144.95729,-49.54737,266.23811,-135.16352,339.79737,0.63256,267.79715,135.16685,,,,,,,,,,,,,,,true
5f37b725-4b2e-43d8-8148-9b7a3a83bb4a,128,341c1470-3b2c-11ef-9af2-4fe8e326febf,316a5dda-2041-4811-ad7a-339b6237dd4f,2024-07-05,20:10:51.04,2024-07-06,00:10:51.04,2024-07-05T20:10:51.0447578-04:00,2024-07-06T00:10:51.0447578Z,LEX_LEG,GAS,InPlay,Out,NoShift,99.43381,55.66828,150.18711,28.74951,91.88547,-73.30821,143.66013,-49.31058,265.35374,-137.85133,341.38468,4.02179,269.19347,134.22597,,,,,,,,,,,,,,,true
5f37b725-4b2e-43d8-8148-9b7a3a83bb4a,129,4a36a630-3b2c-11ef-9af2-4fe8e326febf,9d8af032-a4d4-48c4-99a9-85abaf7aedfe,2024-07-05,20:11:28.16,2024-07-06,00:11:28.16,2024-07-05T20:11:28.1635802-04:00,2024-07-06T00:11:28.1635802Z,LEX_LEG,GAS,BallCalled,Undefined,NoShift,96.60274,56.69058,151.49799,25.4487,93.35008,-73.38512,144.40812,-49.76084,262.73718,-135.3871,330.06199,-12.47989,265.21769,130.10815,,,,,,,,,,,,,,,true
5f37b725-4b2e-43d8-8148-9b7a3a83bb4a,130,51feaf20-3b2c-11ef-9af2-4fe8e326febf,16da33aa-bb75-464e-8710-d37ec7a1cdf0,2024-07-05,20:11:41.24,2024-07-06,00:11:41.24,2024-07-05T20:11:41.2434906-04:00,2024-07-06T00:11:41.2434906Z,LEX_LEG,GAS,BallCalled,Undefined,NoShift,95.86261,56.67537,151.25542,25.82821,94.94607,-70.32535,144.93169,-49.88099,262.9334,-132.02783,340.33196,-10.80285,266.69078,130.46705,,,,,,,,,,,,,,,true
5f37b725-4b2e-43d8-8148-9b7a3a83bb4a,131,59ea93c0-3b2c-11ef-9af2-4fe8e326febf,4ecf48af-652a-4c1f-a76c-8f7c66584ed0,2024-07-05,20:11:54.54,2024-07-06,00:11:54.54,2024-07-05T20:11:54.5486810-04:00,2024-07-06T00:11:54.5486810Z,LEX_LEG,GAS,StrikeSwinging,Undefined,NoShift,97.19656,57.53828,153.47746,25.57572,93.68657,-72.53261,143.16447,-50.10582,256.66595,-130.62205,335.97467,-9.03743,272.85939,134.0356,,,,,,,,,,,,,,,true
5f37b725-4b2e-43d8-8148-9b7a3a83bb4a,132,652ea410-3b2c-11ef-9af2-4fe8e326febf,b3caa474-d2c1-4f28-9f61-4fd915939ee9,2024-07-05,20:12:13.43,2024-07-06,00:12:13.43,2024-07-05T20:12:13.4303194-04:00,2024-07-06T00:12:13.4303194Z,LEX_LEG,GAS,StrikeSwinging,Undefined,NoShift,96.95581,55.70307,153.76014,25.9854,93.59828,-74.6835,143.65198,-53.32064,264.40266,-131.81093,343.18841,-8.5471,270.2382,132.30215,,,,,,,,,,,,,,,true
5f37b725-4b2e-43d8-8148-9b7a3a83bb4a,133,72125aa0-3b2c-11ef-9af2-4fe8e326febf,2202422b-1a3a-43fd-9ed8-eb81a182bd59,2024-07-05,20:12:35.09,2024-07-06,00:12:35.09,2024-07-05T20:12:35.0957530-04:00,2024-07-06T00:12:35.0957530Z,LEX_LEG,GAS,StrikeSwinging,Undefined,NoShift,97.69405,56.49824,152.62393,29.61483,95.47411,-74.31726,143.37295,-53.59844,263.47115,-132.32916,338.42969,-7.12234,268.64857,131.37728,,,,,,,,,,,,,,,true
5f37b725-4b2e-43d8-8148-9b7a3a83bb4a,134,86b23340-3b2c-11ef-9af2-4fe8e326febf,d055b0ba-3224-41c1-9c1d-1d72907400bf,2024-07-05,20:13:09.60,2024-07-06,00:13:09.60,2024-07-05T20:13:09.6044506-04:00,2024-07-06T00:13:09.6044506Z,LEX_LEG,GAS,FoulBallNotFieldable,Undefined,NoShift,99.95198,85.85314,140.36336,55.27844,81.52929,-55.99333,152.88997,-27.19614,266.37053,-128.00764,337.73917,6.31265,268.38325,134.97009,,,,,,,,,,,,,,,true
5f37b725-4b2e-43d8-8148-9b7a3a83bb4a,135,9111aff0-3b2c-11ef-9af2-4fe8e326febf,e70e0d56-db0e-4ad9-93a2-8083fb4fe9aa,2024-07-05,20:13:27.08,2024-07-06,00:13:27.08,2024-07-05T20:13:27.0873562-04:00,2024-07-06T00:13:27.0873562Z,LEX_LEG,GAS,InPlay,Out,NoShift,100.03282,86.72117,141.49066,53.96191,94.53764,-61.99326,152.60543,-27.61498,271.11781,-122.88571,334.77101,7.54449,268.28997,134.75514,,,,,,,,,,,,,,,true
5f37b725-4b2e-43d8-8148-9b7a3a83bb4a,136,e9754030-3b2c-11ef-9af2-4fe8e326febf,8fbdaac0-0c20-4c86-b8b2-ebf918030641,2024-07-05,20:15:55.34,2024-07-06,00:15:55.34,2024-07-05T20:15:55.3429978-04:00,2024-07-06T00:15:55.3429978Z,GAS,LEX_LEG,StrikeCalled,Undefined,NoShift,98.68896,61.2905,150.45727,29.50022,84.72588,-64.02491,144.17173,-47.88028,270.85929,-115.90008,343.56133,6.75315,266.2379,141.29017,,,,,,,,,,,,,,,true
5f37b725-4b2e-43d8-8148-9b7a3a83bb4a,137,efdfb4f0-3b2c-11ef-9af2-4fe8e326febf,f557ebce-02d2-46f2-8185-f0bdaab82d80,2024-07-05,20:16:06.13,2024-07-06,00:16:06.13,2024-07-05T20:16:06.1376986-04:00,2024-07-06T00:16:06.1376986Z,GAS,LEX_LEG,InPlay,Out,NoShift,94.81402,57.84046,151.78062,30.24001,84.08697,-63.18063,142.71486,-46.55144,271.22247,-117.50427,343.66687,6.95452,270.01166,143.55922,,,,,,,,,,,,,,,true
5f37b725-4b2e-43d8-8148-9b7a3a83bb4a,138,01fc1700-3b2d-11ef-9af2-4fe8e326febf,a0fa4edc-362f-49d9-95bc-a7f3936d6ab7,2024-07-05,20:16:36.54,2024-07-06,00:16:36.54,2024-07-05T20:16:36.5408218-04:00,2024-07-06T00:16:36.5408218Z,GAS,LEX_LEG,InPlay,Out,NoShift,102.86897,75.70995,147.6108,44.77124,98.78231,-49.88298,154.40939,-14.96426,270.54361,-116.33508,338.21285,7.13761,276.98426,141.54468,,,,,,,,,,,,,,,true
5f37b725-4b2e-43d8-8148-9b7a3a83bb4a,139,3425bbf0-3b2d-11ef-9af2-4fe8e326febf,6919d463-cebe-4fcb-b9be-b7dc394122a6,2024-07-05,20:18:00.67,2024-07-06,00:18:00.67,2024-07-05T20:18:00.6743002-04:00,2024-07-06T00:18:00.6743002Z,GAS,LEX_LEG,BallCalled,Undefined,NoShift,103.58767,62.16397,152.84542,27.38705,97.85306,-75.97779,144.99242,-42.81014,275.53928,-118.21789,339.54329,8.42643,270.99194,147.31437,,,,,,,,,,,,,,,true
5f37b725-4b2e-43d8-8148-9b7a3a83bb4a,140,3b4f8910-3b2d-11ef-9af2-4fe8e326febf,b0798336-75a8-4386-85bc-eb3bdf3ac7e4,2024-07-05,20:18:12.72,2024-07-06,00:18:12.72,2024-07-05T20:18:12.7246298-04:00,2024-07-06T00:18:12.7246298Z,GAS,LEX_LEG,StrikeCalled,Undefined,NoShift,99.67767,61.63829,153.82727,27.52007,98.07017,-76.36948,146.10373,-44.28565,276.01728,-117.83331,340.65804,8.62997,269.16579,148.53313,,,,,,,,,,,,,,,true
5f37b725-4b2e-43d8-8148-9b7a3a83bb4a,141,42bb4130-3b2d-11ef-9af2-4fe8e326febf,8eaba2e9-f800-4212-8904-f706a43e94a7,2024-07-05,20:18:25.15,2024-07-06,00:18:25.15,2024-07-05T20:18:25.1567066-04:00,2024-07-06T00:18:25.1567066Z,GAS,LEX_LEG,BallCalled,Undefined,NoShift,98.52289,61.67428,153.58621,28.14219,98.45496,-75.51123,147.1186,-45.41161,277.90697,-117.93493,340.00145,8.83498,267.90284,147.38039,,,,,,,,,,,,,,,true
5f37b725-4b2e-43d8-8148-9b7a3a83bb4a,142,4b0c0220-3b2d-11ef-9af2-4fe8e326febf,930f5b82-b8c8-4a95-b22b-fb822862718b,2024-07-05,20:18:39.10,2024-07-06,00:18:39.10,2024-07-05T20:18:39.1070170-04:00,2024-07-06T00:18:39.1070170Z,GAS,LEX_LEG,BallCalled,Undefined,NoShift,97.29061,63.27085,152.62674,28.25182,98.13566,-77.97868,144.52825,-44.58373,278.62171,-117.51448,339.3767,8.85403,268.7991,148.06056,,,,,,,,,,,,,,,true
5f37b725-4b2e-43d8-8148-9b7a3a83bb4a,143,5789caf0-3b2d-11ef-9af2-4fe8e326febf,71630d82-81d2-4524-a9f1-b961a60324ef,2024-07-05,20:19:00.08,2024-07-06,00:19:00.08,2024-07-05T20:19:00.0844762-04:00,2024-07-06T00:19:00.0844762Z,GAS,LEX_LEG,FoulBallNotFieldable,Undefined,NoShift,95.67975,61.76045,154.1654,28.35348,96.95756,-77.02094,143.7772,-44.72223,272.96322,-113.02419,335.13196,9.00533,268.8317,147.73042,,,,,,,,,,,,,,,true
5f37b725-4b2e-43d8-8148-9b7a3a83bb4a,144,625e2980-3b2d-11ef-9af2-4fe8e326febf,e33710ff-faa0-45ca-b9da-dbcb3bcf8c02,2024-07-05,20:19:18.27,2024-07-06,00:19:18.27,2024-07-05T20:19:18.2776794-04:00,2024-07-06T00:19:18.2776794Z,GAS,LEX_LEG,StrikeCalled,Undefined,NoShift,96.43888,65.22415,152.1351,28.45058,97.98298,-77.83358,145.34003,-45.62044,275.79314,-112.38943,335.15594,10.74326,267.59191,148.59845,,,,,,,,,,,,,,,true
5f37b725-4b2e-43d8-8148-9b7a3a83bb4a,145,b8d5a130-3b2d-11ef-9af2-4fe8e326febf,aa2d04e1-36fc-44b2-ac98-b7181678668f,2024-07-05,20:21:43.26,2024-07-06,00:21:43.26,2024-07-05T20:21:43.2678874-04:00,2024-07-06T00:21:43.2678874Z,LEX_LEG,GAS,InPlay,Double,NoShift,96.91061,55.85016,151.19335,30.35413,87.55403,-63.92111,144.19333,-49.92764,264.48666,-143.16508,342.71785,-21.42418,260.35335,127.2394,,,,,,,,,,,,,,,true
5f37b725-4b2e-43d8-8148-9b7a3a83bb4a,146,d5e7a570-3b2d-11ef-9af2-4fe8e326febf,d56a2929-5ca3-4d77-aa5f-6b2696e0a79b,2024-07-05,20:22:32.04,2024-07-06,00:22:32.04,2024-07-05T20:22:32.0431066-04:00,2024-07-06T00:22:32.0431066Z,LEX_LEG,GAS,InPlay,Error,NoShift,95.66789,54.98369,147.05771,15.53107,86.16737,-64.38964,144.34471,-49.16595,265.43641,-132.66943,334.25646,-19.7205,272.35529,132.51065,,,,,,,,,,,,,,,true
5f37b725-4b2e-43d8-8148-9b7a3a83bb4a,147,f1e99940-3b2d-11ef-9af2-4fe8e326febf,65d6efd1-c976-43f4-8719-1ed6c34d2966,2024-07-05,20:23:19.04,2024-07-06,00:23:19.04,2024-07-05T20:23:19.0405594-04:00,2024-07-06T00:23:19.0405594Z,LEX_LEG,GAS,BallCalled,Undefined,NoShift,89.62905,70.3328,142.00402,28.65124,90.18696,-61.76498,164.57547,-18.23612,272.29705,-125.42085,331.79207,-9.82222,270.23419,135.92977,,,,,,,,,,,,,,,true
5f37b725-4b2e-43d8-8148-9b7a3a83bb4a,148,fbd8ef00-3b2d-11ef-9af2-4fe8e326febf,9cfdb978-2bbe-4e20-9dad-626453b7ef0a,2024-07-05,20:23:35.71,2024-07-06,00:23:35.71,2024-07-05T20:23:35.7196762-04:00,2024-07-06T00:23:35.7196762Z,LEX_LEG,GAS,BallCalled,Undefined,NoShift,87.26226,69.62652,139.57131,32.82244,91.68053,-61.42135,137.43506,-11.63372,266.90162,-138.72023,333.49192,-9.89001,270.10351,136.31361,,,,,,,,,,,,,,,true
5f37b725-4b2e-43d8-8148-9b7a3a83bb4a,149,09b388b0-3b2e-11ef-9af2-4fe8e326febf,c5320a3d-2c21-421d-8564-74f1964a6098,2024-07-05,20:23:58.98,2024-07-06,00:23:58.98,2024-07-05T20:23:58.9892570-04:00,2024-07-06T00:23:58.9892570Z,LEX_LEG,GAS,InPlay,Out,NoShift,87.85422,70.13618,142.39386,30.09151,93.21371,-62.40662,138.62048,-11.10012,252.30792,-132.40672,337.77048,-12.56891,269.21103,135.60227,,,,,,,,,,,,,,,true
5f37b725-4b2e-43d8-8148-9b7a3a83bb4a,150,2f3bb030-3b2e-11ef-9af2-4fe8e326febf,1a0659a6-6ea9-4297-be16-8321570fdc39,2024-07-05,20:25:01.90,2024-07-06,00:25:01.90,2024-07-05T20:25:01.9001818-04:00,2024-07-06T00:25:01.9001818Z,LEX_LEG,GAS,BallinDirt,Undefined,NoShift,95.18858,55.53976,142.44637,11.75746,90.34067,-67.47832,138.67812,-42.40031,270.31518,-138.52765,336.33505,-3.61814,273.82038,135.95755,,,,,,,,,,,,,,,true
5f37b725-4b2e-43d8-8148-9b7a3a83bb4a,151,427f7b40-3b2e-11ef-9af2-4fe8e326febf,c6eee52e-6d47-4064-b5eb-23f65818df3a,2024-07-05,20:25:34.22,2024-07-06,00:25:34.22,2024-07-05T20:25:34.2278618-04:00,2024-07-06T00:25:34.2278618Z,LEX_LEG,GAS,BallinDirt,Undefined,NoShift,92.62338,54.25416,140.79241,12.08501,90.01931,-68.87829,138.26513,-42.86855,255.98628,-142.30701,336.27581,-5.76811,271.02549,135.96175,,,,,,,,,,,,,,,true
5f37b725-4b2e-43d8-8148-9b7a3a83bb4a,152,4ecb85b0-3b2e-11ef-9af2-4fe8e326febf,92a012b7-fb75-4984-a88a-51aa1628493e,2024-07-05,20:25:54.82,2024-07-06,00:25:54.82,2024-07-05T20:25:54.8218330-04:00,2024-07-06T00:25:54.8218330Z,LEX_LEG,GAS,StrikeCalled,Undefined,NoShift,95.21122,56.53068,136.47048,9.26892,91.72829,-69.85973,136.42811,-43.80831,264.56454,-146.18971,337.36698,-4.26729,271.54643,134.43492,,,,,,,,,,,,,,,true
5f37b725-4b2e-43d8-8148-9b7a3a83bb4a,153,5b93c500-3b2e-11ef-9af2-4fe8e326febf,04cf35cc-4a62-4828-903b-3d83bc940f68,2024-07-05,20:26:16.30,2024-07-06,00:26:16.30,2024-07-05T20:26:16.3000282-04:00,2024-07-06T00:26:16.3000282Z,LEX_LEG,GAS,BallCalled,Undefined,NoShift,93.4359,55.50399,137.12335,9.26299,94.65626,-70.00445,136.29093,-44.1616,267.70553,-144.29579,341.84704,-3.79523,261.24061,128.52419,,,,,,,,,,,,,,,true
5f37b725-4b2e-43d8-8148-9b7a3a83bb4a,154,6ea61fd0-3b2e-11ef-9af2-4fe8e326febf,880d8aee-a988-4fbf-bab3-93cd2bd4f66f,2024-07-05,20:26:48.31,2024-07-06,00:26:48.31,2024-07-05T20:26:48.3127770-04:00,2024-07-06T00:26:48.3127770Z,LEX_LEG,GAS,InPlay,Single,NoShift,92.74269,55.99399,138.77267,8.86821,91.46246,-68.1694,137.91303,-44.36241,266.95334,-143.27284,342.08607,-3.47891,270.54389,131.43434,,,,,,,,,,,,,,,true
5f37b725-4b2e-43d8-8148-9b7a3a83bb4a,155,b597e5e0-3b2e-11ef-9af2-4fe8e326febf,193e50db-bcd3-4f35-85f0-26afb586efed,2024-07-05,20:28:47.37,2024-07-06,00:28:47.37,2024-07-05T20:28:47.3754074-04:00,2024-07-06T00:28:47.3754074Z,LEX_LEG,GAS,StrikeCalled,Undefined,NoShift,88.77681,51.85589,141.81747,22.99254,79.32711,-56.37618,137.13144,-42.49847,255.97296,-153.8836,334.88129,-5.72989,276.6377,137.49293,,,,,,,,,,,,,,,true
5f37b725-4b2e-43d8-8148-9b7a3a83bb4a,156,c01cebf0-3b2e-11ef-9af2-4fe8e326febf,e1b54004-fd83-4ca4-a973-b9be08410530,2024-07-05,20:29:05.03,2024-07-06,00:29:05.03,2024-07-05T20:29:05.0390490-04:00,2024-07-06T00:29:05.0390490Z,LEX_LEG,GAS,BallCalled,Undefined,NoShift,88.69962,52.26912,144.47138,23.4021,79.32597,-56.80433,136.53709,-41.71766,255.41968,-151.91437,330.87887,-4.01637,270.41015,133.98508,,,,,,,,,,,,,,,true
5f37b725-4b2e-43d8-8148-9b7a3a83bb4a,157,cec758c0-3b2e-11ef-9af2-4fe8e326febf,8b72b29c-4fa5-4889-9ab5-7c34c65913a5,2024-07-05,20:29:29.59,2024-07-06,00:29:29.59,2024-07-05T20:29:29.5979482-04:00,2024-07-06T00:29:29.5979482Z,LEX_LEG,GAS,InPlay,Double,NoShift,88.66084,52.89637,141.71316,21.69757,81.35731,-58.12148,134.51217,-40.49841,259.29295,-149.88003,335.12212,-4.23399,275.31853,135.1999,,,,,,,,,,,,,,,true
5f37b725-4b2e-43d8-8148-9b7a3a83bb4a,158,e8732790-3b2e-11ef-9af2-4fe8e326febf,357b2af2-6c4a-4d95-9a9d-1db9a7536ee0,2024-07-05,20:30:12.63,2024-07-06,00:30:12.63,2024-07-05T20:30:12.6359002-04:00,2024-07-06T00:30:12.6359002Z,LEX_LEG,GAS,FoulBallNotFieldable,Undefined,NoShift,77.18605,46.58391,132.62866,10.48617,76.20608,-53.45868,103.79667,-32.53292,257.29639,-146.05728,331.63891,-10.6703,269.0856,132.16777,,,,,,,,,,,,,,,true
5f37b725-4b2e-43d8-8148-9b7a3a83bb4a,159,f498e550-3b2e-11ef-9af2-4fe8e326febf,eb2cda05-cb9b-4554-bbed-1e303b09c2c1,2024-07-05,20:30:33.01,2024-07-06,00:30:33.01,2024-07-05T20:30:33.0163674-04:00,2024-07-06T00:30:33.0163674Z,LEX_LEG,GAS,BallCalled,Undefined,NoShift,75.75078,45.2624,132.09425,9.55295,76.26732,-54.7997,104.14169,-33.19308,253.8569,-146.68177,328.52295,-7.73428,268.42759,134.144,,,,,,,,,,,,,,,true
5f37b725-4b2e-43d8-8148-9b7a3a83bb4a,160,01b92fb0-3b2f-11ef-9af2-4fe8e326febf,4ba39784-589c-4129-844c-a27b2cae271f,2024-07-05,20:30:55.03,2024-07-06,00:30:55.03,2024-07-05T20:30:55.0380506-04:00,2024-07-06T00:30:55.0380506Z,LEX_LEG,GAS,InPlay,Single,NoShift,78.43581,47.47406,131.67685,9.55712,78.39785,-55.3329,102.42429,-31.91508,250.9142,-144.51537,333.34167,-6.84262,263.03222,130.87696,,,,,,,,,,,,,,,true
5f37b725-4b2e-43d8-8148-9b7a3a83bb4a,161,1c7b0260-3b2f-11ef-9af2-4fe8e326febf,4f12c2fc-bc12-46d8-b8f7-3384729b5047,2024-07-05,20:31:40.00,2024-07-06,00:31:40.00,2024-07-05T20:31:40.0018394-04:00,2024-07-06T00:31:40.0018394Z,LEX_LEG,GAS,FoulBallNotFieldable,Undefined,NoShift,63.50774,56.53294,144.89659,24.50656,92.72793,-69.61202,138.24215,-42.4102,256.24468,-144.03182,341.50808,-6.46114,270.16269,138.61091,,,,,,,,,,,,,,,true
5f37b725-4b2e-43d8-8148-9b7a3a83bb4a,162,2a21bad0-3b2f-11ef-9af2-4fe8e326febf,b81dbbbf-8182-4783-8a07-04c53000c72c,2024-07-05,20:32:02.86,2024-07-06,00:32:02.86,2024-07-05T20:32:02.8695514-04:00,2024-07-06T00:32:02.8695514Z,LEX_LEG,GAS,InPlay,Out,NoShift,63.9687,59.01046,145.06485,24.92618,94.57856,-73.59574,136.36053,-42.56876,260.55239,-147.14701,338.09637,-6.2313,268.69444,137.62319,,,,,,,,,,,,,,,true
5f37b725-4b2e-43d8-8148-9b7a3a83bb4a,163,af000310-3b2f-11ef-9af2-4fe8e326febf,19d590ef-66e4-49c7-8b2d-54505f946672,2024-07-05,20:35:45.77,2024-07-06,00:35:45.77,2024-07-05T20:35:45.7722842-04:00,2024-07-06T00:35:45.7722842Z,GAS,LEX_LEG,StrikeCalled,Undefined,NoShift,104.77368,77.50508,146.49816,45.09378,99.57766,-48.74259,154.89653,-17.58911,271.37098,-120.27595,337.21853,10.29171,269.33221,141.50015,,,,,,,,,,,,,,,true
5f37b725-4b2e-43d8-8148-9b7a3a83bb4a,164,b565e3f0-3b2f-11ef-9af2-4fe8e326febf,76a569a5-2bfd-47dd-93be-b207a9e64fab,2024-07-05,20:35:56.52,2024-07-06,00:35:56.52,2024-07-05T20:35:56.5299162-04:00,2024-07-06T00:35:56.5299162Z,GAS,LEX_LEG,StrikeCalled,Undefined,NoShift,104.59171,80.68057,147.35282,43.81503,102.46443,-48.73304,154.13758,-16.08248,273.08567,-120.69491,335.52994,10.37269,273.21543,143.63317,,,,,,,,,,,,,,,true
5f37b725-4b2e-43d8-8148-9b7a3a83bb4a,165,c0bd2e20-3b2f-11ef-9af2-4fe8e326febf,f8b64ba2-88df-4bcd-9b9e-8522d3b7d2d2,2024-07-05,20:36:15.50,2024-07-06,00:36:15.50,2024-07-05T20:36:15.5041754-04:00,2024-07-06T00:36:15.5041754Z,GAS,LEX_LEG,InPlay,Out,NoShift,101.49638,79.33283,145.65235,43.67194,111.78154,-55.80706,154.64417,-15.89448,272.49457,-118.84487,337.13441,10.32746,270.83988,141.60609,,,,,,,,,,,,,,,true
5f37b725-4b2e-43d8-8148-9b7a3a83bb4a,166,d3a45a40-3b2f-11ef-9af2-4fe8e326febf,b31b25b5-95ab-41ca-9f82-f3614d8eddd8,2024-07-05,20:36:47.25,2024-07-06,00:36:47.25,2024-07-05T20:36:47.2565210-04:00,2024-07-06T00:36:47.2565210Z,GAS,LEX_LEG,StrikeCalled,Undefined,NoShift,99.86495,60.27825,153.98635,22.51424,90.92052,-71.78557,144.49808,-47.32133,270.50869,-118.84098,332.70944,7.4637,265.41571,143.36528,,,,,,,,,,,,,,,true
5f37b725-4b2e-43d8-8148-9b7a3a83bb4a,167,dc968b50-3b2f-11ef-9af2-4fe8e326febf,d13048ba-525f-45fd-ab0c-40eea56c5ea3,2024-07-05,20:37:02.17,2024-07-06,00:37:02.17,2024-07-05T20:37:02.1722586-04:00,2024-07-06T00:37:02.1722586Z,GAS,LEX_LEG,StrikeSwinging,Undefined,NoShift,100.38898,60.60373,154.63984,23.32482,93.89835,-74.6235,143.8847,-46.46423,272.76209,-120.12986,333.218,7.5685,266.85635,145.22017,,,,,,,,,,,,,,,true
5f37b725-4b2e-43d8-8148-9b7a3a83bb4a,168,e9f9f930-3b2f-11ef-9af2-4fe8e326febf,9dbe8dea-db75-4d73-821c-d0849e17d822,2024-07-05,20:37:24.73,2024-07-06,00:37:24.73,2024-07-05T20:37:24.7335386-04:00,2024-07-06T00:37:24.7335386Z,GAS,LEX_LEG,FoulBallNotFieldable,Undefined,NoShift,101.57688,58.87865,153.60048,23.36623,95.16438,-75.4252,144.02795,-46.39062,272.72574,-117.51271,334.16344,7.74682,265.65143,144.19546,,,,,,,,,,,,,,,true
5f37b725-4b2e-43d8-8148-9b7a3a83bb4a,169,f83ec660-3b2f-11ef-9af2-4fe8e326febf,37fc8641-bed6-4110-87e5-558e80edadca,2024-07-05,20:37:48.72,2024-07-06,00:37:48.72,2024-07-05T20:37:48.7235546-04:00,2024-07-06T00:37:48.7235546Z,GAS,LEX_LEG,BallCalled,Undefined,NoShift,98.94548,60.09704,154.54087,23.51565,96.53785,-75.58141,144.51917,-47.12322,271.12477,-116.15585,329.62907,8.65436,262.58157,144.03129,,,,,,,,,,,,,,,true
5f37b725-4b2e-43d8-8148-9b7a3a83bb4a,170,02971720-3b30-11ef-9af2-4fe8e326febf,7ac3279a-2c5c-42da-b5ed-069b421e3637,2024-07-05,20:38:06.02,2024-07-06,00:38:06.02,2024-07-05T20:38:06.0282842-04:00,2024-07-06T00:38:06.0282842Z,GAS,LEX_LEG,BallinDirt,Undefined,NoShift,99.22559,60.83409,154.36652,23.62836,97.63086,-75.79087,144.9366,-47.10305,276.59591,-117.2492,339.26303,8.89989,264.56146,143.66282,,,,,,,,,,,,,,,true
5f37b725-4b2e-43d8-8148-9b7a3a83bb4a,171,0ec05750-3b30-11ef-9af2-4fe8e326febf,3b39c5d7-717e-4f08-9eb9-5d4bfdc4ffc7,2024-07-05,20:38:26.43,2024-07-06,00:38:26.43,2024-07-05T20:38:26.4350000-04:00,2024-07-06T00:38:26.4350000Z,GAS,LEX_LEG,StrikeSwinging,Undefined,NoShift,96.70569,59.22945,153.77562,23.74158,98.95952,-78.07336,144.24154,-46.83908,273.58884,-116.32292,332.56921,8.78217,266.39373,143.03649,,,,,,,,,,,,,,,true
5f37b725-4b2e-43d8-8148-9b7a3a83bb4a,172,22348130-3b30-11ef-9af2-4fe8e326febf,1bc416bd-9316-4542-8b4b-41dbf0d6c8a0,2024-07-05,20:38:59.06,2024-07-06,00:38:59.06,2024-07-05T20:38:59.0694362-04:00,2024-07-06T00:38:59.0694362Z,GAS,LEX_LEG,StrikeCalled,Undefined,NoShift,103.47909,76.028,146.56126,42.34633,99.02394,-53.88724,156.44882,-15.2134,273.38544,-118.94224,328.89631,8.99371,275.22908,141.69111,,,,,,,,,,,,,,,true
5f37b725-4b2e-43d8-8148-9b7a3a83bb4a,173,2b868580-3b30-11ef-9af2-4fe8e326febf,b4411933-c6d8-4b35-9ef2-a33ed1f13c58,2024-07-05,20:39:14.69,2024-07-06,00:39:14.69,2024-07-05T20:39:14.6998746-04:00,2024-07-06T00:39:14.6998746Z,GAS,LEX_LEG,InPlay,Out,NoShift,101.46811,77.13024,146.13177,43.15745,97.38455,-52.06791,154.72844,-14.30961,270.72823,-119.98473,339.72198,9.25196,274.84697,143.78741,,,,,,,,,,,,,,,true
5f37b725-4b2e-43d8-8148-9b7a3a83bb4a,174,8f0a2350-3b30-11ef-9af2-4fe8e326febf,5dd8358f-186e-4288-aa42-aa5ab53adf0f,2024-07-05,20:42:01.65,2024-07-06,00:42:01.65,2024-07-05T20:42:01.6535514-04:00,2024-07-06T00:42:01.6535514Z,LEX_LEG,GAS,StrikeCalled,Undefined,NoShift,99.42547,55.43851,151.09985,28.63162,92.9606,-72.03275,143.5681,-50.42898,270.24118,-134.46856,337.92671,-10.62752,319.16849,186.51231,,,,,,,,,,,,,,,true
5f37b725-4b2e-43d8-8148-9b7a3a83bb4a,175,999088f0-3b30-11ef-9af2-4fe8e326febf,02279f49-71d7-4a75-9924-30300d2b5787,2024-07-05,20:42:19.34,2024-07-06,00:42:19.34,2024-07-05T20:42:19.3488346-04:00,2024-07-06T00:42:19.3488346Z,LEX_LEG,GAS,InPlay,Out,NoShift,97.69055,54.76329,150.35472,34.44318,93.97461,-72.52018,143.02853,-50.85811,263.85435,-136.93566,342.12383,-10.32273,271.59934,129.79809,,,,,,,,,,,,,,,true
5f37b725-4b2e-43d8-8148-9b7a3a83bb4a,176,b276e4e0-3b30-11ef-9af2-4fe8e326febf,6f02c772-176f-40e9-83bd-bab6882ae622,2024-07-05,20:43:01.16,2024-07-06,00:43:01.16,2024-07-05T20:43:01.1617754-04:00,2024-07-06T00:43:01.1617754Z,LEX_LEG,GAS,BallCalled,Undefined,NoShift,98.41775,85.17655,141.85328,52.53172,81.68401,-55.02498,153.156,-26.15799,265.78955,-127.8476,336.40381,5.36452,281.97948,147.02998,,,,,,,,,,,,,,,true
5f37b725-4b2e-43d8-8148-9b7a3a83bb4a,177,bd4242c0-3b30-11ef-9af2-4fe8e326febf,bdfe879b-c820-44b1-afbf-468f0d11b016,2024-07-05,20:43:19.25,2024-07-06,00:43:19.25,2024-07-05T20:43:19.2553434-04:00,2024-07-06T00:43:19.2553434Z,LEX_LEG,GAS,InPlay,Out,NoShift,99.39907,86.10341,141.35628,53.51436,93.26105,-61.75125,156.45519,-26.08967,261.76053,-127.52091,331.56264,7.12928,279.44541,143.05793,,,,,,,,,,,,,,,true
5f37b725-4b2e-43d8-8148-9b7a3a83bb4a,178,d42a5db0-3b30-11ef-9af2-4fe8e326febf,546752d5-4428-4ecb-ace9-82ca9deb9ed5,2024-07-05,20:43:57.63,2024-07-06,00:43:57.63,2024-07-05T20:43:57.6333274-04:00,2024-07-06T00:43:57.6333274Z,LEX_LEG,GAS,BallCalled,Undefined,NoShift,95.49569,57.48078,151.71376,29.74374,94.81841,-71.0145,145.52562,-47.94756,260.36171,-137.38804,345.63359,-13.09832,272.79263,135.02322,,,,,,,,,,,,,,,true
5f37b725-4b2e-43d8-8148-9b7a3a83bb4a,179,df743a60-3b30-11ef-9af2-4fe8e326febf,215dd0a7-fe4c-4766-85cf-2f3b872df773,2024-07-05,20:44:16.60,2024-07-06,00:44:16.60,2024-07-05T20:44:16.6047194-04:00,2024-07-06T00:44:16.6047194Z,LEX_LEG,GAS,StrikeCalled,Undefined,NoShift,95.1137,57.62781,151.4942,29.38279,92.53325,-70.7678,143.71432,-48.15468,258.28195,-142.54147,340.35154,-10.7807,271.32293,134.25911,,,,,,,,,,,,,,,true
5f37b725-4b2e-43d8-8148-9b7a3a83bb4a,180,eb3d3220-3b30-11ef-9af2-4fe8e326febf,eafdde14-dc0d-4219-802d-cbc80c6b50ac,2024-07-05,20:44:36.36,2024-07-06,00:44:36.36,2024-07-05T20:44:36.3680730-04:00,2024-07-06T00:44:36.3680730Z,LEX_LEG,GAS,FoulBallNotFieldable,Undefined,NoShift,95.18543,58.0922,150.72291,28.99853,93.95496,-70.50814,143.97631,-48.51503,260.72029,-142.75009,333.59735,-9.58951,272.7124,134.67813,,,,,,,,,,,,,,,true
5f37b725-4b2e-43d8-8148-9b7a3a83bb4a,181,fbafdbd0-3b30-11ef-9af2-4fe8e326febf,09d98eed-dad8-4ad1-85be-ca2d62b40532,2024-07-05,20:45:03.94,2024-07-06,00:45:03.94,2024-07-05T20:45:03.9483866-04:00,2024-07-06T00:45:03.9483866Z,LEX_LEG,GAS,StrikeCalled,Undefined,NoShift,93.43335,58.66794,149.9403,32.33944,94.5643,-70.95322,144.75891,-48.76068,256.69998,-139.7799,344.49334,-8.82935,264.82397,137.4534,,,,,,,,,,,,,,,true
5f37b725-4b2e-43d8-8148-9b7a3a83bb4a,182,6f3deba0-3b31-11ef-9af2-4fe8e326febf,a966043f-9887-4fa5-9e23-289db9a1fa06,2024-07-05,20:48:17.72,2024-07-06,00:48:17.72,2024-07-05T20:48:17.7255898-04:00,2024-07-06T00:48:17.7255898Z,GAS,LEX_LEG,StrikeCalled,Undefined,NoShift,103.05679,66.33373,155.17463,25.12806,85.73119,-64.10519,146.66339,-45.70839,271.39646,-118.15736,344.17703,5.00162,270.97761,147.07932,,,,,,,,,,,,,,,true
5f37b725-4b2e-43d8-8148-9b7a3a83bb4a,183,7825e380-3b31-11ef-9af2-4fe8e326febf,5fab4c33-cd62-430b-871d-263dd373b408,2024-07-05,20:48:32.79,2024-07-06,00:48:32.79,2024-07-05T20:48:32.7948250-04:00,2024-07-06T00:48:32.7948250Z,GAS,LEX_LEG,BallCalled,Undefined,NoShift,99.3707,64.32338,155.16249,24.42741,93.44935,-77.47956,147.10304,-46.79931,274.5284,-119.00489,334.64228,6.33682,269.93423,148.0248,,,,,,,,,,,,,,,true
5f37b725-4b2e-43d8-8148-9b7a3a83bb4a,184,862458e0-3b31-11ef-9af2-4fe8e326febf,8e9dfdbe-fa33-4c14-96bd-e5df23a26b1c,2024-07-05,20:48:56.19,2024-07-06,00:48:56.19,2024-07-05T20:48:56.1986010-04:00,2024-07-06T00:48:56.1986010Z,GAS,LEX_LEG,InPlay,Out,NoShift,100.7598,63.52841,154.37526,23.97571,94.12234,-77.35605,145.23524,-44.03646,273.20925,-116.25808,337.25386,7.1673,268.73342,146.03178,,,,,,,,,,,,,,,true
5f37b725-4b2e-43d8-8148-9b7a3a83bb4a,185,9f7b9f10-3b31-11ef-9af2-4fe8e326febf,d1a5f3ad-0870-4996-8891-c8d6c9ec64bc,2024-07-05,20:49:38.79,2024-07-06,00:49:38.79,2024-07-05T20:49:38.7907034-04:00,2024-07-06T00:49:38.7907034Z,GAS,LEX_LEG,BallCalled,Undefined,NoShift,99.42205,69.15648,152.7087,28.99409,82.0184,-67.73022,143.61732,-47.14098,276.42283,-115.44464,335.197,5.81131,270.41916,143.39447,,,,,,,,,,,,,,,true
5f37b725-4b2e-43d8-8148-9b7a3a83bb4a,186,ab0df670-3b31-11ef-9af2-4fe8e326febf,54cc8570-598f-4d2b-b786-3f911542e48a,2024-07-05,20:49:58.21,2024-07-06,00:49:58.21,2024-07-05T20:49:58.2145498-04:00,2024-07-06T00:49:58.2145498Z,GAS,LEX_LEG,BallCalled,Undefined,NoShift,97.20004,65.47774,153.03412,29.40555,87.83238,-72.28142,143.6144,-46.15134,275.64,-114.73695,330.27416,6.97029,270.07247,145.53548,,,,,,,,,,,,,,,true
5f37b725-4b2e-43d8-8148-9b7a3a83bb4a,187,ba3ab2a0-3b31-11ef-9af2-4fe8e326febf,f01a2742-a289-4016-8a52-17150672869b,2024-07-05,20:50:23.60,2024-07-06,00:50:23.60,2024-07-05T20:50:23.6059098-04:00,2024-07-06T00:50:23.6059098Z,GAS,LEX_LEG,StrikeCalled,Undefined,NoShift,97.67431,68.7747,154.28633,28.23303,88.2762,-73.05685,145.62407,-46.70152,279.10515,-115.07914,333.4184,7.19318,272.02711,146.81603,,,,,,,,,,,,,,,true
5f37b725-4b2e-43d8-8148-9b7a3a83bb4a,188,c5017ca0-3b31-11ef-9af2-4fe8e326febf,5ed68bf8-6cbe-4e50-ba05-92e960394489,2024-07-05,20:50:41.65,2024-07-06,00:50:41.65,2024-07-05T20:50:41.6526298-04:00,2024-07-06T00:50:41.6526298Z,GAS,LEX_LEG,InPlay,Single,NoShift,96.89613,65.96533,153.72697,28.05124,90.11732,-75.18444,143.96774,-47.0268,272.49312,-111.73134,333.23967,8.2145,268.44457,146.6488,,,,,,,,,,,,,,,true
5f37b725-4b2e-43d8-8148-9b7a3a83bb4a,189,dd701080-3b31-11ef-9af2-4fe8e326febf,95ac5823-665a-4666-a73f-4278722e7c4c,2024-07-05,20:51:22.69,2024-07-06,00:51:22.69,2024-07-05T20:51:22.6972634-04:00,2024-07-06T00:51:22.6972634Z,GAS,LEX_LEG,StrikeCalled,Undefined,NoShift,63.12074,59.9487,135.32629,34.87855,81.18537,-52.7362,145.37462,-26.45607,276.61508,-119.30884,334.99645,14.66931,266.37728,144.43194,,,,,,,,,,,,,,,true
5f37b725-4b2e-43d8-8148-9b7a3a83bb4a,190,e9cd0ae0-3b31-11ef-9af2-4fe8e326febf,10fb56a7-6b6d-4f8a-85b7-2b0d6ef305e6,2024-07-05,20:51:43.42,2024-07-06,00:51:43.42,2024-07-05T20:51:43.4283994-04:00,2024-07-06T00:51:43.4283994Z,GAS,LEX_LEG,StrikeCalled,Undefined,NoShift,62.97231,60.02434,136.90852,35.75985,81.79141,-52.53516,140.02639,-26.56059,275.87076,-118.27962,339.26612,14.62375,264.26346,145.35918,,,,,,,,,,,,,,,true
5f37b725-4b2e-43d8-8148-9b7a3a83bb4a,191,f67c9210-3b31-11ef-9af2-4fe8e326febf,34234ef0-154a-4653-972f-45419f954878,2024-07-05,20:52:04.73,2024-07-06,00:52:04.73,2024-07-05T20:52:04.7389658-04:00,2024-07-06T00:52:04.7389658Z,GAS,LEX_LEG,BallCalled,Undefined,NoShift,63.23101,60.03857,137.46282,34.23522,87.79486,-58.40435,137.67475,-26.43209,277.56554,-116.89544,342.26368,14.5616,260.79687,144.84759,,,,,,,,,,,,,,,true
5f37b725-4b2e-43d8-8148-9b7a3a83bb4a,192,05213280-3b32-11ef-9af2-4fe8e326febf,1455c150-d60b-43a5-81b7-2a75a941cfeb,2024-07-05,20:52:29.23,2024-07-06,00:52:29.23,2024-07-05T20:52:29.2334554-04:00,2024-07-06T00:52:29.2334554Z,GAS,LEX_LEG,FoulBallNotFieldable,Undefined,NoShift,63.04869,60.17574,137.25878,33.97788,88.8098,-57.70389,140.15036,-25.06241,277.22785,-117.82178,336.94966,14.44282,265.61239,149.46306,,,,,,,,,,,,,,,true
5f37b725-4b2e-43d8-8148-9b7a3a83bb4a,193,180614b0-3b32-11ef-9af2-4fe8e326febf,822c40de-4d3b-4893-b8a9-03ad3259a09a,2024-07-05,20:53:01.01,2024-07-06,00:53:01.01,2024-07-05T20:53:01.0193882-04:00,2024-07-06T00:53:01.0193882Z,GAS,LEX_LEG,StrikeSwinging,Undefined,NoShift,62.93075,59.51195,138.54281,32.40134,89.24392,-57.57594,138.64426,-27.58605,270.76926,-126.40065,334.04451,14.873,265.40062,150.65803,,,,,,,,,,,,,,,true
5f37b725-4b2e-43d8-8148-9b7a3a83bb4a,194,2d74af00-3b32-11ef-9af2-4fe8e326febf,435ca004-1979-4660-8712-165e8a9cc06c,2024-07-05,20:53:36.91,2024-07-06,00:53:36.91,2024-07-05T20:53:36.9107418-04:00,2024-07-06T00:53:36.9107418Z,GAS,LEX_LEG,FoulBallNotFieldable,Undefined,NoShift,63.82101,60.59206,150.93682,24.20969,82.8031,-61.49583,144.68602,-42.48319,271.03538,-126.43594,338.38194,11.31227,263.93332,149.49473,,,,,,,,,,,,,,,true
5f37b725-4b2e-43d8-8148-9b7a3a83bb4a,195,44164b10-3b32-11ef-9af2-4fe8e326febf,cdcea82f-16cc-4d7d-9f4a-82f73399f770,2024-07-05,20:54:14.87,2024-07-06,00:54:14.87,2024-07-05T20:54:14.8756442-04:00,2024-07-06T00:54:14.8756442Z,GAS,LEX_LEG,BallCalled,Undefined,NoShift,62.87607,59.94576,151.94868,24.50265,86.81264,-66.42216,146.25323,-44.64745,270.32719,-125.66192,336.5672,12.48551,271.05812,145.16187,,,,,,,,,,,,,,,true
5f37b725-4b2e-43d8-8148-9b7a3a83bb4a,196,512f4270-3b32-11ef-9af2-4fe8e326febf,2040ec00-4d3d-44ef-8424-fb26b4f6818a,2024-07-05,20:54:36.89,2024-07-06,00:54:36.89,2024-07-05T20:54:36.8993754-04:00,2024-07-06T00:54:36.8993754Z,GAS,LEX_LEG,BallCalled,Undefined,NoShift,63.29419,59.93551,152.26213,24.10247,86.92834,-67.55493,143.17815,-44.56849,269.37588,-124.18558,335.8736,12.6338,269.93177,146.14712,,,,,,,,,,,,,,,true
5f37b725-4b2e-43d8-8148-9b7a3a83bb4a,197,5f003f30-3b32-11ef-9af2-4fe8e326febf,62bee9df-ba4d-4708-a3bf-784ab34b479c,2024-07-05,20:55:00.06,2024-07-06,00:55:00.06,2024-07-05T20:55:00.0628186-04:00,2024-07-06T00:55:00.0628186Z,GAS,LEX_LEG,StrikeSwinging,Undefined,NoShift,63.52069,59.87777,152.61795,23.07018,87.45372,-68.41601,144.67263,-45.55386,269.72541,-123.18587,326.43785,12.40286,270.01359,148.11323,,,,,,,,,,,,,,,true
5f37b725-4b2e-43d8-8148-9b7a3a83bb4a,198,6c42dea0-3b32-11ef-9af2-4fe8e326febf,893fb373-b075-4adf-95ee-ce988bf9312f,2024-07-05,20:55:22.32,2024-07-06,00:55:22.32,2024-07-05T20:55:22.3269338-04:00,2024-07-06T00:55:22.3269338Z,GAS,LEX_LEG,FoulBallNotFieldable,Undefined,NoShift,63.25334,59.8398,152.7744,23.90166,88.73934,-69.95591,144.63947,-43.37852,272.17803,-119.86136,325.27436,12.61016,270.81233,149.22535,,,,,,,,,,,,,,,true
5f37b725-4b2e-43d8-8148-9b7a3a83bb4a,199,80548100-3b32-11ef-9af2-4fe8e326febf,c4ab1161-0024-4bda-a845-ccd16b336fd0,2024-07-05,20:55:55.90,2024-07-06,00:55:55.90,2024-07-05T20:55:55.9012826-04:00,2024-07-06T00:55:55.9012826Z,GAS,LEX_LEG,FoulBallNotFieldable,Undefined,NoShift,63.10006,59.64084,151.80579,22.60719,91.00789,-71.31096,143.74868,-45.77274,272.88116,-120.33205,336.45155,16.92075,266.57976,147.41881,,,,,,,,,,,,,,,true
5f37b725-4b2e-43d8-8148-9b7a3a83bb4a,200,94968230-3b32-11ef-9af2-4fe8e326febf,3cb37081-b85f-4ac6-b0f3-addb6db01eb1,2024-07-05,20:56:29.96,2024-07-06,00:56:29.96,2024-07-05T20:56:29.9653082-04:00,2024-07-06T00:56:29.9653082Z,GAS,LEX_LEG,InPlay,Out,NoShift,63.66098,59.70434,150.48785,23.62325,92.71536,-70.84405,144.119,-46.0328,273.87583,-118.58781,332.57557,16.70706,267.70071,150.23096,,,,,,,,,,,,,,,true
5f37b725-4b2e-43d8-8148-9b7a3a83bb4a,201,0a08bb50-3b33-11ef-9af2-4fe8e326febf,f9eeae91-db5d-403d-85ac-ed06ddf07586,2024-07-05,20:59:46.95,2024-07-06,00:59:46.95,2024-07-05T20:59:46.9584858-04:00,2024-07-06T00:59:46.9584858Z,LEX_LEG,GAS,BallCalled,Undefined,NoShift,95.95916,56.85467,152.35887,28.71239,97.48344,-72.43831,144.42282,-50.1366,261.07279,-135.34794,338.13198,-12.24578,269.8725,133.67789,,,,,,,,,,,,,,,true
5f37b725-4b2e-43d8-8148-9b7a3a83bb4a,202,10de4df0-3b33-11ef-9af2-4fe8e326febf,a1ca12ce-7a32-4baf-9506-5fd82d6071d8,2024-07-05,20:59:58.41,2024-07-06,00:59:58.41,2024-07-05T20:59:58.4128986-04:00,2024-07-06T00:59:58.4128986Z,LEX_LEG,GAS,FoulBallNotFieldable,Undefined,NoShift,95.08149,56.53426,152.02021,29.7416,98.30309,-73.41405,145.32298,-50.80696,256.10635,-132.2331,342.13537,-10.10746,270.63179,135.45011,,,,,,,,,,,,,,,true
5f37b725-4b2e-43d8-8148-9b7a3a83bb4a,203,1c0debe0-3b33-11ef-9af2-4fe8e326febf,713ca3e5-673b-40d9-afe7-f7d4085ca822,2024-07-05,21:00:17.30,2024-07-06,01:00:17.30,2024-07-05T21:00:17.3060570-04:00,2024-07-06T01:00:17.3060570Z,LEX_LEG,GAS,BallCalled,Undefined,NoShift,95.46858,56.49447,151.38642,32.19564,95.95022,-72.11571,145.9257,-48.64825,261.21419,-133.54945,349.22526,-8.13512,279.51636,138.90724,,,,,,,,,,,,,,,true
5f37b725-4b2e-43d8-8148-9b7a3a83bb4a,204,23eb9fb0-3b33-11ef-9af2-4fe8e326febf,96b4b37b-9a0a-4882-9e8c-4d94a909e8fc,2024-07-05,21:00:30.42,2024-07-06,01:00:30.42,2024-07-05T21:00:30.4227290-04:00,2024-07-06T01:00:30.4227290Z,LEX_LEG,GAS,BallCalled,Undefined,NoShift,95.44525,56.86747,149.26111,30.59126,99.79196,-73.47687,145.99377,-49.12802,263.11289,-133.42454,343.61113,-7.86509,272.15707,135.74816,,,,,,,,,,,,,,,true
5f37b725-4b2e-43d8-8148-9b7a3a83bb4a,205,2ebd8d40-3b33-11ef-9af2-4fe8e326febf,c3a214b5-159d-4244-9cf3-30e3401e6bd9,2024-07-05,21:00:48.60,2024-07-06,01:00:48.60,2024-07-05T21:00:48.6075866-04:00,2024-07-06T01:00:48.6075866Z,LEX_LEG,GAS,FoulBallNotFieldable,Undefined,NoShift,95.7403,57.60327,150.63479,32.82996,98.57636,-73.78972,145.76005,-49.55803,258.85785,-130.32497,339.5084,-7.47253,282.28141,138.63814,,,,,,,,,,,,,,,true
5f37b725-4b2e-43d8-8148-9b7a3a83bb4a,206,3b8de2e0-3b33-11ef-9af2-4fe8e326febf,701b5074-b7e2-4124-9bfa-1825742d16ce,2024-07-05,21:01:10.15,2024-07-06,01:01:10.15,2024-07-05T21:01:10.1523418-04:00,2024-07-06T01:01:10.1523418Z,LEX_LEG,GAS,BallCalled,Undefined,NoShift,93.71811,57.65285,150.57947,35.36864,97.02821,-73.0242,146.30493,-46.09416,266.77414,-133.8577,339.9007,-5.30095,275.84794,137.38372,,,,,,,,,,,,,,,true
5f37b725-4b2e-43d8-8148-9b7a3a83bb4a,207,51a651c0-3b33-11ef-9af2-4fe8e326febf,e8b14359-16ee-4c37-9b70-61cfdf7e920f,2024-07-05,21:01:47.17,2024-07-06,01:01:47.17,2024-07-05T21:01:47.1775706-04:00,2024-07-06T01:01:47.1775706Z,LEX_LEG,GAS,StrikeCalled,Undefined,NoShift,63.2182,56.9206,140.72822,36.21152,98.0033,-62.31556,147.82192,-19.10149,266.78418,-130.20557,346.97637,6.99003,286.11135,142.14534,,,,,,,,,,,,,,,true
5f37b725-4b2e-43d8-8148-9b7a3a83bb4a,208,5ae1e7e0-3b33-11ef-9af2-4fe8e326febf,9398eeed-0834-4368-a57f-2aa504f6a8b8,2024-07-05,21:02:02.67,2024-07-06,01:02:02.67,2024-07-05T21:02:02.6751450-04:00,2024-07-06T01:02:02.6751450Z,LEX_LEG,GAS,BallCalled,Undefined,NoShift,63.50339,57.11756,140.47166,34.94608,101.02335,-61.79775,147.67056,-18.66221,270.21368,-129.23131,338.75485,7.30058,281.48953,139.66505,,,,,,,,,,,,,,,true
5f37b725-4b2e-43d8-8148-9b7a3a83bb4a,209,649ee300-3b33-11ef-9af2-4fe8e326febf,3071b32c-305b-4f52-b0da-5d880ff7963b,2024-07-05,21:02:18.96,2024-07-06,01:02:18.96,2024-07-05T21:02:18.9696986-04:00,2024-07-06T01:02:18.9696986Z,LEX_LEG,GAS,FoulBallNotFieldable,Undefined,NoShift,63.6289,57.55444,137.6655,32.92634,102.67046,-61.33269,147.18952,-17.20375,270.73378,-128.64826,333.85847,6.34816,280.9908,138.47829,,,,,,,,,,,,,,,true
5f37b725-4b2e-43d8-8148-9b7a3a83bb4a,210,760fc2d0-3b33-11ef-9af2-4fe8e326febf,4af9615c-6d02-4241-b446-79da592ed75e,2024-07-05,21:02:48.29,2024-07-06,01:02:48.29,2024-07-05T21:02:48.2930650-04:00,2024-07-06T01:02:48.2930650Z,LEX_LEG,GAS,BallCalled,Undefined,NoShift,63.27137,57.58593,139.31143,33.32687,104.76524,-62.18994,148.18116,-18.83532,275.17155,-126.53239,342.36842,6.47722,275.98379,135.74147,,,,,,,,,,,,,,,true
5f37b725-4b2e-43d8-8148-9b7a3a83bb4a,211,8abc6cb0-3b33-11ef-9af2-4fe8e326febf,0f9ef9e5-5d00-4140-8912-0295122a6cea,2024-07-05,21:03:22.98,2024-07-06,01:03:22.98,2024-07-05T21:03:22.9850074-04:00,2024-07-06T01:03:22.9850074Z,LEX_LEG,GAS,FoulBallNotFieldable,Undefined,NoShift,63.47255,57.71874,137.23938,36.07291,105.77136,-61.59693,146.00549,-17.186,276.75897,-125.14837,350.11209,-3.71372,280.30794,139.22726,,,,,,,,,,,,,,,true
5f37b725-4b2e-43d8-8148-9b7a3a83bb4a,212,994f59e0-3b33-11ef-9af2-4fe8e326febf,df763c40-e1a1-40c8-9e45-791254d1a207,2024-07-05,21:03:47.38,2024-07-06,01:03:47.38,2024-07-05T21:03:47.3820122-04:00,2024-07-06T01:03:47.3820122Z,LEX_LEG,GAS,BallCalled,Undefined,NoShift,63.49712,57.51203,140.12149,36.17957,103.79902,-61.12284,145.18263,-15.26095,274.0756,-128.55608,346.11029,4.90782,279.76826,141.6313,,,,,,,,,,,,,,,true
5f37b725-4b2e-43d8-8148-9b7a3a83bb4a,213,a28a7ad0-3b33-11ef-9af2-4fe8e326febf,43c926b3-164d-4c02-9e3c-51f62f365f14,2024-07-05,21:04:02.83,2024-07-06,01:04:02.83,2024-07-05T21:04:02.8383706-04:00,2024-07-06T01:04:02.8383706Z,LEX_LEG,GAS,InPlay,FieldersChoice,NoShift,63.49867,57.58527,143.63255,34.76247,103.27288,-61.33012,145.145,-15.25354,275.07396,-127.41967,344.40266,7.83859,281.60976,141.07215,,,,,,,,,,,,,,,true
5f37b725-4b2e-43d8-8148-9b7a3a83bb4a,214,ba3c7570-3b33-11ef-9af2-4fe8e326febf,bba1342f-bee8-42ea-9a9d-b24f98a2f8ed,2024-07-05,21:04:42.61,2024-07-06,01:04:42.61,2024-07-05T21:04:42.6182106-04:00,2024-07-06T01:04:42.6182106Z,LEX_LEG,GAS,InPlay,Out,NoShift,99.22285,57.23421,142.63317,17.00567,96.41982,-69.19498,144.43316,-48.25675,268.30338,-136.74143,337.08165,9.02093,278.17985,131.72669,,,,,,,,,,,,,,,true
5f37b725-4b2e-43d8-8148-9b7a3a83bb4a,215,d40f2d30-3b33-11ef-9af2-4fe8e326febf,e83fbc5c-1935-4ced-83fe-0f8505a33b85,2024-07-05,21:05:26.02,2024-07-06,01:05:26.02,2024-07-05T21:05:26.0228570-04:00,2024-07-06T01:05:26.0228570Z,LEX_LEG,GAS,StrikeCalled,Undefined,NoShift,98.22896,57.73719,145.70835,16.00699,95.14149,-72.58686,144.9233,-47.56606,270.53836,-133.9518,329.16757,7.69503,277.26446,135.97199,,,,,,,,,,,,,,,true
5f37b725-4b2e-43d8-8148-9b7a3a83bb4a,216,dce60e10-3b33-11ef-9af2-4fe8e326febf,f9530baf-4d2a-4619-8262-4a60fb0f1e34,2024-07-05,21:05:40.76,2024-07-06,01:05:40.76,2024-07-05T21:05:40.7661018-04:00,2024-07-06T01:05:40.7661018Z,LEX_LEG,GAS,BallCalled,Undefined,NoShift,98.32245,58.55108,146.23578,17.31658,95.13588,-71.65634,144.91855,-47.64386,262.13148,-129.44081,338.70994,0.7264,269.75312,132.10162,,,,,,,,,,,,,,,true
5f37b725-4b2e-43d8-8148-9b7a3a83bb4a,217,e7d79190-3b33-11ef-9af2-4fe8e326febf,7d613304-4f3d-4ef3-97c5-aefb935364f4,2024-07-05,21:05:59.13,2024-07-06,01:05:59.13,2024-07-05T21:05:59.1367130-04:00,2024-07-06T01:05:59.1367130Z,LEX_LEG,GAS,BallinDirt,Undefined,NoShift,97.56381,58.08901,144.07607,15.86482,96.34945,-71.43309,145.2577,-48.6125,265.04163,-129.23066,314.13957,4.83386,269.6748,132.90757,,,,,,,,,,,,,,,true
5f37b725-4b2e-43d8-8148-9b7a3a83bb4a,218,f81102d0-3b33-11ef-9af2-4fe8e326febf,236a5389-b782-4911-8412-cabc08c47cca,2024-07-05,21:06:26.38,2024-07-06,01:06:26.38,2024-07-05T21:06:26.3848922-04:00,2024-07-06T01:06:26.3848922Z,LEX_LEG,GAS,InPlay,Out,NoShift,98.27168,58.70097,141.50329,13.39662,96.98349,-74.15021,145.03543,-47.62487,270.03577,-139.65496,338.4268,2.2088,276.06271,136.2709,,,,,,,,,,,,,,,true
5f37b725-4b2e-43d8-8148-9b7a3a83bb4a,219,4455da30-3b34-11ef-9af2-4fe8e326febf,eca99128-5008-4975-9356-06e9735ba222,2024-07-05,21:08:34.27,2024-07-06,01:08:34.27,2024-07-05T21:08:34.2754266-04:00,2024-07-06T01:08:34.2754266Z,GAS,LEX_LEG,BallCalled,Undefined,NoShift,104.90232,76.60778,145.01346,43.86857,95.0886,-50.74453,158.63817,-16.06908,279.58342,-114.16968,315.32326,8.32057,275.26507,137.93863,,,,,,,,,,,,,,,true
5f37b725-4b2e-43d8-8148-9b7a3a83bb4a,220,4aba8290-3b34-11ef-9af2-4fe8e326febf,596123ab-390a-404e-8c90-b9b155f268cf,2024-07-05,21:08:45.03,2024-07-06,01:08:45.03,2024-07-05T21:08:45.0397658-04:00,2024-07-06T01:08:45.0397658Z,GAS,LEX_LEG,BallCalled,Undefined,NoShift,104.60304,77.04496,146.8169,45.08276,96.71641,-51.37901,157.00079,-16.0525,270.32861,-114.88679,340.35087,9.63091,280.93159,141.36864,,,,,,,,,,,,,,,true
5f37b725-4b2e-43d8-8148-9b7a3a83bb4a,221,523a10d0-3b34-11ef-9af2-4fe8e326febf,66d12818-5f79-4682-b0ac-f9fb2547b464,2024-07-05,21:08:57.62,2024-07-06,01:08:57.62,2024-07-05T21:08:57.6230874-04:00,2024-07-06T01:08:57.6230874Z,GAS,LEX_LEG,BallCalled,Undefined,NoShift,103.08754,76.18903,145.67032,44.66926,99.88295,-52.59673,156.1473,-17.06214,272.90852,-116.09327,325.14483,9.21914,275.79119,140.26405,,,,,,,,,,,,,,,true
5f37b725-4b2e-43d8-8148-9b7a3a83bb4a,222,5b0c0fb0-3b34-11ef-9af2-4fe8e326febf,b77efa8f-5e1b-4b5a-99b4-c02c7b13b7c3,2024-07-05,21:09:12.47,2024-07-06,01:09:12.47,2024-07-05T21:09:12.4739546-04:00,2024-07-06T01:09:12.4739546Z,GAS,LEX_LEG,BallCalled,Undefined,NoShift,102.71359,75.80696,145.83846,44.83726,102.01928,-54.37533,154.90671,-16.46767,273.4361,-115.94292,335.80596,10.01065,274.13669,140.57527,,,,,,,,,,,,,,,true
5f37b725-4b2e-43d8-8148-9b7a3a83bb4a,223,701f6aa0-3b34-11ef-9af2-4fe8e326febf,719b0e12-18f1-4d84-b658-2dda25df0579,2024-07-05,21:09:47.76,2024-07-06,01:09:47.76,2024-07-05T21:09:47.7667802-04:00,2024-07-06T01:09:47.7667802Z,GAS,LEX_LEG,FoulBallNotFieldable,Undefined,NoShift,63.19691,60.07465,145.78591,24.17708,95.15804,-74.09337,137.33929,-32.37031,275.94893,-113.7795,336.12235,10.05207,261.73206,146.0101,,,,,,,,,,,,,,,true
5f37b725-4b2e-43d8-8148-9b7a3a83bb4a,224,87cecd30-3b34-11ef-9af2-4fe8e326febf,242646f8-94fc-450c-b95f-923e441be368,2024-07-05,21:10:27.52,2024-07-06,01:10:27.52,2024-07-05T21:10:27.5285978-04:00,2024-07-06T01:10:27.5285978Z,GAS,LEX_LEG,StrikeCalled,Undefined,NoShift,63.34785,60.20998,145.80484,22.30398,95.35464,-72.98571,144.14505,-33.80533,274.62677,-116.3464,326.4263,11.02746,258.47439,150.60191,,,,,,,,,,,,,,,true
5f37b725-4b2e-43d8-8148-9b7a3a83bb4a,225,944b5d80-3b34-11ef-9af2-4fe8e326febf,e202757c-db1f-4f97-9736-b66d4f52ff84,2024-07-05,21:10:48.45,2024-07-06,01:10:48.45,2024-07-05T21:10:48.4518874-04:00,2024-07-06T01:10:48.4518874Z,GAS,LEX_LEG,InPlay,Out,NoShift,63.14438,59.81099,146.7796,22.34535,96.53352,-75.88986,139.05812,-35.48223,273.40393,-113.96556,323.16572,13.64236,261.2611,152.81337,,,,,,,,,,,,,,,true
5f37b725-4b2e-43d8-8148-9b7a3a83bb4a,226,a7ea40e0-3b34-11ef-9af2-4fe8e326febf,65ceae99-9fd3-4962-ba2c-078aaefad1a6,2024-07-05,21:11:21.30,2024-07-06,01:11:21.30,2024-07-05T21:11:21.3030874-04:00,2024-07-06T01:11:21.3030874Z,GAS,LEX_LEG,StrikeCalled,Undefined,NoShift,105.67977,79.2831,147.35528,40.8974,92.66349,-52.79519,157.38314,-21.71225,269.77756,-117.76403,339.8408,13.68801,277.40994,143.24308,,,,,,,,,,,,,,,true
5f37b725-4b2e-43d8-8148-9b7a3a83bb4a,227,b045b030-3b34-11ef-9af2-4fe8e326febf,f301eba8-a33a-42b1-bfb3-15de4128bd14,2024-07-05,21:11:35.41,2024-07-06,01:11:35.41,2024-07-05T21:11:35.4157530-04:00,2024-07-06T01:11:35.4157530Z,GAS,LEX_LEG,InPlay,Out,NoShift,105.62899,77.89959,144.45261,41.58953,95.34366,-55.49756,186.00126,-21.81659,267.52418,-116.28683,334.33047,13.43231,271.40069,140.00425,,,,,,,,,,,,,,,true
5f37b725-4b2e-43d8-8148-9b7a3a83bb4a,228,c8619030-3b34-11ef-9af2-4fe8e326febf,3dec6b48-88c1-49a5-bec3-2f45999d2bb7,2024-07-05,21:12:15.89,2024-07-06,01:12:15.89,2024-07-05T21:12:15.8938586-04:00,2024-07-06T01:12:15.8938586Z,GAS,LEX_LEG,InPlay,Single,NoShift,104.84203,66.30535,153.84685,20.23385,93.88788,-75.55703,146.4504,-44.63088,269.41773,-119.21323,327.21529,12.8978,269.39351,146.37755,,,,,,,,,,,,,,,true
5f37b725-4b2e-43d8-8148-9b7a3a83bb4a,229,e8346220-3b34-11ef-9af2-4fe8e326febf,b0f0fbc5-d2aa-443c-b567-1414064b24cb,2024-07-05,21:13:09.17,2024-07-06,01:13:09.17,2024-07-05T21:13:09.1799002-04:00,2024-07-06T01:13:09.1799002Z,GAS,LEX_LEG,BallCalled,Undefined,NoShift,63.39582,59.5455,146.85139,43.38266,102.46152,-58.90328,156.70638,-22.24996,266.71031,-118.62168,330.28522,9.30198,274.69918,144.3968,,,,,,,,,,,,,,,true
5f37b725-4b2e-43d8-8148-9b7a3a83bb4a,230,f1c0d760-3b34-11ef-9af2-4fe8e326febf,009a3b13-9344-4915-8c0b-778ba000c486,2024-07-05,21:13:25.23,2024-07-06,01:13:25.23,2024-07-05T21:13:25.2384218-04:00,2024-07-06T01:13:25.2384218Z,GAS,LEX_LEG,FoulBallNotFieldable,Undefined,NoShift,63.84278,59.37807,145.9667,43.74739,104.99027,-60.0305,156.16321,-21.46534,267.32015,-117.83655,319.60516,8.91959,278.20038,143.7068,,,,,,,,,,,,,,,true
5f37b725-4b2e-43d8-8148-9b7a3a83bb4a,231,02e12630-3b35-11ef-9af2-4fe8e326febf,6505fb21-48e1-44f6-a932-e5a110628342,2024-07-05,21:13:53.93,2024-07-06,01:13:53.93,2024-07-05T21:13:53.9373530-04:00,2024-07-06T01:13:53.9373530Z,GAS,LEX_LEG,FoulBallNotFieldable,Undefined,NoShift,64.90548,60.73748,145.47703,45.08028,105.59101,-55.36154,157.26135,-19.13827,269.10613,-119.87879,333.12173,9.24072,272.74755,142.15102,,,,,,,,,,,,,,,true
5f37b725-4b2e-43d8-8148-9b7a3a83bb4a,232,113869f0-3b35-11ef-9af2-4fe8e326febf,e97563e9-cbc1-47ce-b6be-37b3671896f0,2024-07-05,21:14:17.97,2024-07-06,01:14:17.97,2024-07-05T21:14:17.9770842-04:00,2024-07-06T01:14:17.9770842Z,GAS,LEX_LEG,BallinDirt,Undefined,NoShift,62.91917,59.34883,144.41422,43.48436,107.29809,-54.1777,156.07699,-18.04678,266.87359,-119.21043,329.35395,9.39749,275.888,141.01184,,,,,,,,,,,,,,,true
5f37b725-4b2e-43d8-8148-9b7a3a83bb4a,233,1f2d9080-3b35-11ef-9af2-4fe8e326febf,d76a215e-41fa-4e50-9314-ad7194045977,2024-07-05,21:14:41.44,2024-07-06,01:14:41.44,2024-07-05T21:14:41.4412250-04:00,2024-07-06T01:14:41.4412250Z,GAS,LEX_LEG,InPlay,Double,NoShift,63.48287,59.14118,145.20358,43.11307,109.07436,-55.43145,157.3422,-18.5993,271.07164,-119.12413,333.98118,9.93678,274.97485,142.20907,,,,,,,,,,,,,,,true
5f37b725-4b2e-43d8-8148-9b7a3a83bb4a,234,3bbe2fc0-3b35-11ef-9af2-4fe8e326febf,377c618a-b482-4322-8013-9f0ba4510e2b,2024-07-05,21:15:29.34,2024-07-06,01:15:29.34,2024-07-05T21:15:29.3461466-04:00,2024-07-06T01:15:29.3461466Z,GAS,LEX_LEG,FoulBallNotFieldable,Undefined,NoShift,95.33425,61.09843,154.05346,23.71744,93.41535,-74.13304,144.01432,-45.87588,263.79748,-123.55388,319.11314,5.87747,261.43378,134.89434,,,,,,,,,,,,,,,true
5f37b725-4b2e-43d8-8148-9b7a3a83bb4a,235,575812f0-3b35-11ef-9af2-4fe8e326febf,7961fac7-7c32-4fed-bfa4-2a60c14d1ddd,2024-07-05,21:16:15.67,2024-07-06,01:16:15.67,2024-07-05T21:16:15.6781530-04:00,2024-07-06T01:16:15.6781530Z,GAS,LEX_LEG,BallCalled,Undefined,NoShift,100.48273,64.97162,153.23439,28.76619,96.39895,-77.76251,143.74511,-47.0652,272.85753,-115.25566,322.00366,9.3797,259.95984,141.21751,,,,,,,,,,,,,,,true
5f37b725-4b2e-43d8-8148-9b7a3a83bb4a,236,616047e0-3b35-11ef-9af2-4fe8e326febf,8950a3cc-7d53-4036-8d10-4acb4ba37d37,2024-07-05,21:16:32.48,2024-07-06,01:16:32.48,2024-07-05T21:16:32.4860890-04:00,2024-07-06T01:16:32.4860890Z,GAS,LEX_LEG,StrikeSwinging,Undefined,NoShift,104.11687,67.40585,151.71408,28.66259,93.72525,-78.2374,141.38907,-44.96013,267.58672,-112.37471,328.21561,10.92305,260.83788,143.15026,,,,,,,,,,,,,,,true
5f37b725-4b2e-43d8-8148-9b7a3a83bb4a,237,6f4fa210-3b35-11ef-9af2-4fe8e326febf,f427bb41-4634-4c74-8837-13c1cd8d31ac,2024-07-05,21:16:55.87,2024-07-06,01:16:55.87,2024-07-05T21:16:55.8793690-04:00,2024-07-06T01:16:55.8793690Z,GAS,LEX_LEG,StrikeSwinging,Undefined,,,,,,,,,,,,,,,,,,,,,,,,,,,,,,false